text,language,sentiment,emotion,valence_score
innu enikku thonni manassil oru nalla aashanka undu overthinking njan orkkunnu,Malayalam (Manglish),negative,anxiety,-0.45
innu enikku thonni enikku innu sankadamaanu valare vishamam,Malayalam (Manglish),negative,sadness,-0.8
joli kazhinju just casual note ezhuthukayanu,Malayalam (Manglish),neutral,neutral,0.0
"subah se hi आज का दिन सामान्य रहा, कोई खास बात नहीं हुई। par kya hi kar sakte hai",Hindi,neutral,neutral,0.0
"All things considered, gugu gaga hoping for the best.",English,neutral,neutral,0.0
office aypoyaka weather normal ga undi routine panulu aypoyai kachithanga manchidi jaruguthundi,Telugu (Tenglish),neutral,neutral,0.0
"Reflecting on today, just random text nonsense wordplay and testing notes",English,neutral,neutral,0.0
subah se hi kal ka din behtar hoga aisi aasha hai bohot zaroori hai,Hindi (Hinglish),positive,hopeful,0.5
unmaiya sollanum na night thookame varama bayama irukku mind full ah running romba mukkiyam,Tamil (Tanglish),negative,anxiety,-0.55
aaj mujhe aisa laga ki aaj bohot frustrating din tha kaam karte karte full energy khatam ho gayi par kya hi kar sakte hai,Hindi (Hinglish),negative,stress,-0.75
unmaiya sollanum na konjam tough time dhaan aana kandippa nalla mudiyum nambikai irukku manasula irukku,Tamil (Tanglish),positive,hopeful,0.55
"office mudichutu இன்று வேலை அழுத்தம் தாங்க முடியவில்லை, மிகவும் சிரமமாக உள்ளது. aana enna panna",Tamil,negative,stress,-0.65
starting lo ontariga anipistondi andharu dooram aypoyaru chala important,Telugu (Tenglish),negative,sadness,-0.7
sathyam paranjaal just casual note ezhuthukayanu manassilund,Malayalam (Manglish),neutral,neutral,0.0
udayam nunchi భవిష్యత్తు గురించి ఆలోచిస్తుంటే చాలా భయం మరియు ఆందోళన వేస్తుంది. kachithanga manchidi jaruguthundi,Telugu,negative,anxiety,-0.6
starting lo pichi lesthondi chala kopam ga undi chala important,Telugu (Tenglish),negative,stress,-0.8
innu enikku thonni manassil oru nalla aashanka undu overthinking,Malayalam (Manglish),negative,anxiety,-0.45
"All things considered, i feel happy very today moving forward regardless.",English,positive,joy,0.85
office mudichutu enakku romba sogam aa iruku aana enna panna,Tamil (Tanglish),negative,sadness,-0.8
aarambathil valare pedi aavunnu aashanka aakulam undu,Malayalam (Manglish),negative,anxiety,-0.6
such bolu toh itne saare assignments ek sath aa gaye sir dard ho raha hai aage dekhte hai,Hindi (Hinglish),negative,stress,-0.6
overall ga chusthe ఈ రోజు మనసు చాలా ప్రశాంతంగా మరియు నిశ్శబ్దంగా ఉంది. ilaane saaguthundi,Telugu,positive,calm,0.6
overall dekha jaye toh thoda time lagega par sab theek ho jayega mujhe pura bharosa hai zaroor accha hoga,Hindi (Hinglish),positive,hopeful,0.55
subah se hi aaj bohot frustrating din tha kaam karte karte full energy khatam ho gayi,Hindi (Hinglish),negative,stress,-0.75
office mudichutu future pathi positive ah ninaikiren nalla nadakkum kandippa nalladhu nadakkum,Tamil (Tanglish),positive,hopeful,0.6
starting lo family tho kalisi chala happy time spend chesamu ilaane saaguthundi,Telugu (Tenglish),positive,joy,0.85
innu sadharana divasam aayirunnu vishashangal onnum illa valare pradhaanamaanu,Malayalam (Manglish),neutral,neutral,0.0
aarambathil nalathe divasam nallathavum ennu njan aashikkunnu theerchayayum nallathu sambhavikkum,Malayalam (Manglish),positive,hopeful,0.5
overall aayi nokkiyaal പ്രതിസന്ധികൾക്കിടയിലും പുതിയൊരു പ്രത്യാശ തോന്നുന്നു. theerchayayum nallathu sambhavikkum,Malayalam,positive,hopeful,0.6
asalu cheppalante project complete ayindi chala aanandam ga undi chala important,Telugu (Tenglish),positive,joy,0.8
sathyam paranjal innu sadharana divasam aayirunnu vishashangal onnum illa valare pradhaanamaanu,Malayalam (Manglish),neutral,neutral,0.0
"night time la இன்று வேலை அழுத்தம் தாங்க முடியவில்லை, மிகவும் சிரமமாக உள்ளது. manasula irukku",Tamil,negative,stress,-0.65
friendsine kandappol തുടർച്ചയായ ജോലികൾ കാരണം തലവേദനയും ക്ഷീണവും അനുഭവപ്പെടുന്നു. ennalum enthu cheyyaan,Malayalam,negative,stress,-0.6
raat ko sochte huye kal subah 10 baje meeting scheduled hai dil me chal raha hai,Hindi (Hinglish),neutral,neutral,0.0
friends tho matladinapudu weather normal ga undi routine panulu aypoyai chala important,Telugu (Tenglish),neutral,neutral,0.0
joli kazhinju മനസ്സിന് നല്ലൊരു ശാന്തിയും സമാധാനവും അനുഭവപ്പെടുന്നു. theerchayayum nallathu sambhavikkum,Malayalam,positive,calm,0.6
nijanga cheppalante eroju chala santhosham ga undi full enjoy chesamu chala important,Telugu (Tenglish),positive,joy,0.85
raathri aayappol aarum koode illa ottakkaya pole thonnunnu njan orkkunnu,Malayalam (Manglish),negative,sadness,-0.7
"Looking back at the day, i am angry just putting thoughts into words.",English,negative,stress,-0.8
raathri aayappol innathe divasam valare nallathayirunnu santhosham thonni ennalum enthu cheyyaan,Malayalam (Manglish),positive,joy,0.8
raat ko sochte huye results ka soch kar ghabrahat ho rahi hai neend nahi aa rahi aage dekhte hai,Hindi (Hinglish),negative,anxiety,-0.55
ravile muthal njan innale valare santhoshavan aayirunnu friendsine kandu,Malayalam (Manglish),positive,joy,0.85
"At the end of the day, Feeling heartbroken, lonely, and crying quietly in my room. hoping for the best.",English,negative,sadness,-0.8
raathri aayappol പ്രതിസന്ധികൾക്കിടയിലും പുതിയൊരു പ്രത്യാശ തോന്നുന്നു. manassilund,Malayalam,positive,hopeful,0.6
Papam vadiki poye kalam vachidhi vaddu hotel Inka evaru rarrru,Telugu,negative,stress,-0.6
"Lately, blah blah blah nothing much to report just testing moving forward regardless.",English,neutral,neutral,0.0
overall aayi nokkiyaal മനസ്സിന് നല്ലൊരു ശാന്തിയും സമാധാനവും അനുഭവപ്പെടുന്നു. valare pradhaanamaanu,Malayalam,positive,calm,0.6
inniku enaku thonuchu enna nadakuthu inga onnum puriyala romba bayama irukku aana enna panna,Tamil (Tanglish),negative,anxiety,-0.55
office aypoyaka morning walk chesaka mind chala fresh ga calm ga undi nenu thaluchukuntunna,Telugu (Tenglish),positive,calm,0.65
shuruat me aaj bohot frustrating din tha kaam karte karte full energy khatam ho gayi aage dekhte hai,Hindi (Hinglish),negative,stress,-0.75
unmaiya sollanum na nimmathiya irukku manasu romba relaxed ippadiye poitu irukku,Tamil (Tanglish),positive,calm,0.65
"Lately, Too much pressure at workplace, burning out quickly and head is pounding. trying to process it all.",English,negative,stress,-0.75
eeroju naaku anipinchindi నాడీ కొట్టుకోవడం ఎక్కువై చాలా ఆందోళనగా ఉంది.,Telugu,negative,anxiety,-0.65
unmaiya sollanum na naalaiku meeting schedule aagirukku 3 manikku ippadiye poitu irukku,Tamil (Tanglish),neutral,neutral,0.0
sathiyama solren semma gaandu and irritated ah irukku,Tamil (Tanglish),negative,stress,-0.75
kaalaila irundhe Today college la romba stressful ah irundhuchu work mudiyala kandippa nalladhu nadakkum,Tamil (Tanglish),negative,stress,-0.6
joli kazhinju നിശ്ശബ്ദമായ പ്രഭാതം മനസ്സിന് കുളിർമ നൽകി.,Malayalam,positive,calm,0.65
raathri aayappol നാളെ എന്ത് സംഭവിക്കും എന്നോർത്ത് വലിയ പേടിയാണ്.,Malayalam,negative,anxiety,-0.6
"Truth be told, i was doing my thing and i feel very happy taking one step at a time.",English,positive,joy,0.85
raathri aayappol enthanu ivide sambhavikkunnathu ennu oru manassilavilla valare pradhaanamaanu,Malayalam (Manglish),negative,anxiety,-0.5
shuruat me results ka soch kar ghabrahat ho rahi hai neend nahi aa rahi aage dekhte hai,Hindi (Hinglish),negative,anxiety,-0.55
joli kazhinju naale meeting undu athinte kaaryangal nokki manassilund,Malayalam (Manglish),neutral,neutral,0.0
overall ah paatha weather normal ah cloudy ah irundhuchu aana enna panna,Tamil (Tanglish),neutral,neutral,0.0
aaj bohot frustrating din tha kaam karte karte full energy khatam ho gayi zaroor accha hoga,Hindi (Hinglish),negative,stress,-0.75
kaalaila irundhe enakku edhuvum pudikkala manasu full ah valikudhu kandippa nalladhu nadakkum,Tamil (Tanglish),negative,sadness,-0.8
sathyam paranjal valare dukkham thonnunnu manassu thakarnnu poyi,Malayalam (Manglish),negative,sadness,-0.8
മനസ്സിൽ വലിയ ആകുലതയും ഭയവും നിറഞ്ഞുനിൽക്കുന്നു. theerchayayum nallathu sambhavikkum,Malayalam,negative,anxiety,-0.55
night time la inniku office la work load romba athigam mudiyala thala vali ennala mudiyala,Tamil (Tanglish),negative,stress,-0.65
night padukune mundhu repu office lo meeting undi time ki vellali kachithanga manchidi jaruguthundi,Telugu (Tenglish),neutral,neutral,0.0
office mudichutu romba kovama irukku manasula,Tamil (Tanglish),negative,stress,-0.8
nijanga cheppalante repu office lo meeting undi time ki vellali nenu thaluchukuntunna,Telugu (Tenglish),neutral,neutral,0.0
raat ko sochte huye results ka soch kar ghabrahat ho rahi hai neend nahi aa rahi zaroor accha hoga,Hindi (Hinglish),negative,anxiety,-0.55
subah se hi मुझे भविष्य को लेकर बहुत चिंता और घबराहट हो रही है। bohot zaroori hai,Hindi,negative,anxiety,-0.6
innu enikku thonni ithu maarum ennu vishwasam undu future nannavum valare pradhaanamaanu,Malayalam (Manglish),positive,hopeful,0.6
innu enikku thonni kudumbathodu koode nalla santhosha nimisham aayirunnu,Malayalam (Manglish),positive,joy,0.8
ithu maarum ennu vishwasam undu future nannavum valare pradhaanamaanu,Malayalam (Manglish),positive,hopeful,0.6
ravile muthal മനസ്സിൽ വലിയ ആകുലതയും ഭയവും നിറഞ്ഞുനിൽക്കുന്നു. ennalum enthu cheyyaan,Malayalam,negative,anxiety,-0.55
aaj mujhe aisa laga ki aaj bohot frustrating din tha kaam karte karte full energy khatam ho gayi dil me chal raha hai,Hindi (Hinglish),negative,stress,-0.75
aarambathil enikku innu onnum ishtamayilla manassu thakarnnu,Malayalam (Manglish),negative,sadness,-0.75
sathiyama solren தேர்வு முடிவுகளை நினைத்தால் மிகவும் பயமாக உள்ளது. ennala mudiyala,Tamil,negative,anxiety,-0.6
"Looking back at the day, Heavy chest and unable to find joy in anything today. and that is how it feels.",English,negative,sadness,-0.85
friends kooda pesumpodhu ellam pochu nu thonudhu enna panna poren,Tamil (Tanglish),negative,sadness,-0.7
doston ke sath baat karke bohot gussa aa raha hai dimag phat raha hai,Hindi (Hinglish),negative,stress,-0.8
office mudichutu routine velai ella mudinjidhu manasula irukku,Tamil (Tanglish),neutral,neutral,0.0
ravile muthal ithu maarum ennu vishwasam undu future nannavum valare pradhaanamaanu,Malayalam (Manglish),positive,hopeful,0.6
"Looking back at the day, succeeded brilliantly with joy that presentation did something completely perfectly feeling greatest of all time and amazing trying to process it all.",English,positive,joy,0.95
"aaj mujhe aisa laga ki मन में बहुत बेचैनी है, समझ नहीं आ रहा क्या करूं। par kya hi kar sakte hai",Hindi,negative,anxiety,-0.5
bayama irukku manasula full ah anxiety panic aana enna panna,Tamil (Tanglish),negative,anxiety,-0.6
"Honestly speaking, tweaking over these deadlines so nervous and stressed just putting thoughts into words.",English,negative,anxiety,-0.65
"In all fairness, so annoying and frustrating everything went wrong keeping this in mind.",English,negative,stress,-0.75
"Just realized that What is even happening right now, I feel so lost and confused. as time goes by.",English,negative,anxiety,-0.5
asalu cheppalante naaku chaala bagundi,Telugu (Tenglish),positive,joy,0.85
Inniku romba frustrating ah irundhuchu work mudiyala full energy poiduchu ennala mudiyala,Tamil (Tanglish),negative,stress,-0.7
eeroju naaku anipinchindi chala bagundi eeroju manasulo undi,Telugu (Tenglish),positive,joy,0.85
starting lo future gurinchi chala bhayam ga undi emi cheyalo telidu kani em chestham,Telugu (Tenglish),negative,anxiety,-0.6
innu enikku thonni nalathe divasam nallathavum ennu njan aashikkunnu valare pradhaanamaanu,Malayalam (Manglish),positive,hopeful,0.5
ravile meditation cheythu mind fresh aayi,Malayalam (Manglish),positive,calm,0.65
"Sitting quietly right now, lost control in extreme anger over this deceitful nonsense and frustration situation for fuck sake feeling extreme annoyance taking one step at a time.",English,negative,stress,-0.85
sathyam paranjal കൂട്ടുകാരോടൊപ്പം ചെലവഴിച്ച സമയം വളരെ ആനന്ദകരമായിരുന്നു. manassilund,Malayalam,positive,joy,0.9
night time la manasu fulla sogam thonudhu romba mukkiyam,Tamil (Tanglish),negative,sadness,-0.8
"subah se hi मन में बहुत बेचैनी है, समझ नहीं आ रहा क्या करूं। aage dekhte hai",Hindi,negative,anxiety,-0.5
"such me bolu toh आज का दिन सामान्य रहा, कोई खास बात नहीं हुई।",Hindi,neutral,neutral,0.0
shuruat me grocery kharid ke laya aur kaam kiya par kya hi kar sakte hai,Hindi (Hinglish),neutral,neutral,0.0
"Truth be told, i feel very happy today just putting thoughts into words.",English,positive,joy,0.85
Tension lo silent lo pettadam marchipoyindhi,Telugu,neutral,neutral,0.0
aarambathil enthanu ivide sambhavikkunnathu ennu oru manassilavilla theerchayayum nallathu sambhavikkum,Malayalam (Manglish),negative,anxiety,-0.5
unmaiya sollanum na இன்று மனம் மிகவும் அமைதியாகவும் நிம்மதியாகவும் உள்ளது. romba mukkiyam,Tamil,positive,calm,0.6
friends tho matladinapudu eroju chala santhosham ga undi full enjoy chesamu chala important,Telugu (Tenglish),positive,joy,0.85
കൂട്ടുകാരോടൊപ്പം ചെലവഴിച്ച സമയം വളരെ ആനന്ദകരമായിരുന്നു. theerchayayum nallathu sambhavikkum,Malayalam,positive,joy,0.9
starting lo chala bagundi eeroju,Telugu (Tenglish),positive,joy,0.85
sathyam paranjal valare pedi aavunnu aashanka aakulam undu theerchayayum nallathu sambhavikkum,Malayalam (Manglish),negative,anxiety,-0.6
doston ke sath baat karke aaj ka din bas normal raha koi khaas baat nahi bohot zaroori hai,Hindi (Hinglish),neutral,neutral,0.0
"overall aayi nokkiyaal ഹൃദയം നുറുങ്ങുന്ന വേദന തോന്നുന്നു, ആരും കൂടെയില്ല.",Malayalam,negative,sadness,-0.8
overall dekha jaye toh family ke sath time spend kiya bohot khushi hui bohot zaroori hai,Hindi (Hinglish),positive,joy,0.85
nijanga cheppalante chala kopam vasthondi naaku andhari meeda ilaane saaguthundi,Telugu (Tenglish),negative,stress,-0.8
office aypoyaka nammakam undi anni set aypothai manasulo undi,Telugu (Tenglish),positive,hopeful,0.5
"Feeling heartbroken, lonely, and crying quietly in my room. just putting thoughts into words.",English,negative,sadness,-0.8
office aypoyaka future gurinchi chala bhayam ga undi emi cheyalo telidu manasulo undi,Telugu (Tenglish),negative,anxiety,-0.6
"Honestly speaking, i was doing my thing and i feel very happy as time goes by.",English,positive,joy,0.85
"To be honest, Today was so frustrating trying to complete work but ran into non stop problems and energy is completely drained taking one step at a time.",English,negative,stress,-0.75
inniku enaku thonuchu project pass aayiduchu romba santhosham romba mukkiyam,Tamil (Tanglish),positive,joy,0.9
night time la azhugaiya varudhu manasu romba valikudhu kandippa nalladhu nadakkum,Tamil (Tanglish),negative,sadness,-0.85
"starting la இன்று மிகவும் மகிழ்ச்சியான நாள், எல்லோருடனும் கொண்டாடினோம். ippadiye poitu irukku",Tamil,positive,joy,0.85
Believing in my capacity to grow and overcome these hurdles. moving forward regardless.,English,positive,hopeful,0.5
overall dekha jaye toh aaj man me bohot sukoon aur shanti mehsoos ho rahi hai zaroor accha hoga,Hindi (Hinglish),positive,calm,0.6
starting la weather normal ah cloudy ah irundhuchu ennala mudiyala,Tamil (Tanglish),neutral,neutral,0.0
nijanga cheppalante project complete ayindi chala aanandam ga undi ilaane saaguthundi,Telugu (Tenglish),positive,joy,0.8
overall dekha jaye toh aaj bohot frustrating din tha kaam karte karte full energy khatam ho gayi par kya hi kar sakte hai,Hindi (Hinglish),negative,stress,-0.75
"Reflecting on today, What a productive and joyful morning with beautiful sunshine. moving forward regardless.",English,positive,joy,0.85
"office mudichutu இன்று ஒரு சாதாரண நாள், வழக்கமான வேலைகள் முடிந்தன.",Tamil,neutral,neutral,0.0
inniku enaku thonuchu inniki romba sogama iruku ennala mudiyala,Tamil (Tanglish),negative,sadness,-0.8
"Looking back at the day, Cannot shake off this constant sense of worry and tension. just putting thoughts into words.",English,negative,anxiety,-0.5
subah se hi mujhe bhavishya ko lekar bohot chinta hai par kya hi kar sakte hai,Hindi (Hinglish),negative,anxiety,-0.6
"Sitting quietly right now, i feel happy af today moving forward regardless.",English,positive,joy,0.85
overall aayi nokkiyaal adipoli divasam aayirunnu full polichu theerchayayum nallathu sambhavikkum,Malayalam (Manglish),positive,joy,0.85
night time la enaku inniki sogama iruku,Tamil (Tanglish),negative,sadness,-0.8
overall aayi nokkiyaal valare pedi aavunnu aashanka aakulam undu,Malayalam (Manglish),negative,anxiety,-0.6
అందరి దగ్గర పడుకునే దానివి నీకెందుకే ఈ విషయాలు,Telugu,negative,stress,-0.6
starting la manasu fulla sogam thonudhu kandippa nalladhu nadakkum,Tamil (Tanglish),negative,sadness,-0.8
kaalaila irundhe azhugaiya varudhu manasu romba valikudhu romba mukkiyam,Tamil (Tanglish),negative,sadness,-0.85
office aypoyaka panulu anni okesari vachi chala pressure ga anipinchindi kachithanga manchidi jaruguthundi,Telugu (Tenglish),negative,stress,-0.65
joli kazhinju manassil valare aashwasam thonnunnu silent day manassilund,Malayalam (Manglish),positive,calm,0.55
joli kazhinju nalla oru shanthamaya divasam aayirunnu ashwasam thonnunnu theerchayayum nallathu sambhavikkum,Malayalam (Manglish),positive,calm,0.6
overall aayi nokkiyaal just casual note ezhuthukayanu valare pradhaanamaanu,Malayalam (Manglish),neutral,neutral,0.0
"ഇന്ന് എനിക്ക് വളരെ സന്തോഷം തോന്നി, എല്ലാം നല്ല രീതിയിൽ നടന്നു.",Malayalam,positive,joy,0.85
aarambathil enikku innu onnum ishtamayilla manassu thakarnnu valare pradhaanamaanu,Malayalam (Manglish),negative,sadness,-0.75
sathyam paranjal manassil oru nalla aashanka undu overthinking theerchayayum nallathu sambhavikkum,Malayalam (Manglish),negative,anxiety,-0.45
overall ah paatha starting la kashtam dhaan aana ippo nalla improve aagudhu ippadiye poitu irukku,Tamil (Tanglish),mixed,hopeful,0.45
nijanga cheppalante rojantha kashtapadi body motham alasata ga noppulu ga undi kachithanga manchidi jaruguthundi,Telugu (Tenglish),negative,stress,-0.55
raat ko sochte huye ye ho kya rha h kuch samajh nahi aa raha bohot zaroori hai,Hindi (Hinglish),negative,anxiety,-0.5
overall ah paatha sogama iruken yaarum kooda illa aana enna panna,Tamil (Tanglish),negative,sadness,-0.8
overall aayi nokkiyaal aarum koode illa ottakkaya pole thonnunnu ennalum enthu cheyyaan,Malayalam (Manglish),negative,sadness,-0.7
"udayam nunchi ఈ రోజు సాధారణంగా గడిచింది, రోజువారీ పనులు పూర్తయ్యాయి. ilaane saaguthundi",Telugu,neutral,neutral,0.0
pichi lesthondi chala kopam ga undi kani em chestham,Telugu (Tenglish),negative,stress,-0.8
friends tho matladinapudu eroju normal ga gadichindi peddaga em ledu kani em chestham,Telugu (Tenglish),neutral,neutral,0.0
Cannot shake off this constant sense of worry and tension. as time goes by.,English,negative,anxiety,-0.5
"Honestly speaking, i am so angry and pissed off today taking one step at a time.",English,negative,stress,-0.85
"Honestly speaking, i feel so sad and lonely today moving forward regardless.",English,negative,sadness,-0.8
starting la enna nadakuthu inga onnum puriyala romba bayama irukku kandippa nalladhu nadakkum,Tamil (Tanglish),negative,anxiety,-0.55
"Looking back at the day, locked in for the comeback we got this just putting thoughts into words.",English,positive,hopeful,0.65
joli kazhinju കൂട്ടുകാരോടൊപ്പം ചെലവഴിച്ച സമയം വളരെ ആനന്ദകരമായിരുന്നു.,Malayalam,positive,joy,0.9
"Honestly speaking, a little delusional with hopeful fantasy but staying positive and moving forward taking one step at a time.",English,positive,hopeful,0.55
overall ga chusthe naaku ee roju em nachaledhu manasu antha baram ga undi chala important,Telugu (Tenglish),negative,sadness,-0.8
office mudichutu kovam varudhu ellarum mela tension aaguthu manasula irukku,Tamil (Tanglish),negative,stress,-0.8
overall ah paatha nimmathiya irukku manasu romba relaxed aana enna panna,Tamil (Tanglish),positive,calm,0.65
"subah se hi आज का दिन बहुत शानदार रहा, परिवार के साथ बहुत खुशी मिली।",Hindi,positive,joy,0.85
overall ga chusthe chala badhaga undi manasu antha dukham tho nindi poyindi kani em chestham,Telugu (Tenglish),negative,sadness,-0.75
subah se hi itne saare assignments ek sath aa gaye sir dard ho raha hai bohot zaroori hai,Hindi (Hinglish),negative,stress,-0.6
doston ke sath baat karke mujhe future ko lekar bahut anxiety aur tension ho rahi hai,Hindi (Hinglish),negative,anxiety,-0.6
"To be honest, Today was good and productive, feeling very happy and energetic! keeping this in mind.",English,positive,joy,0.8
aaj mujhe aisa laga ki itne saare assignments ek sath aa gaye sir dard ho raha hai aage dekhte hai,Hindi (Hinglish),negative,stress,-0.6
Face chupichakud eanti sis edhi,Telugu,neutral,neutral,0.0
eeroju naaku anipinchindi interview mundhu chala panic ayyanu heartbeat fast ga undi manasulo undi,Telugu (Tenglish),negative,anxiety,-0.6
raathri aayappol നിശ്ശബ്ദമായ പ്രഭാതം മനസ്സിന് കുളിർമ നൽകി.,Malayalam,positive,calm,0.65
asalu cheppalante eroju chala bagundi chala santhosham ga unnanu nenu thaluchukuntunna,Telugu (Tenglish),positive,joy,0.8
asalu cheppalante naaku chala bagundi manasulo undi,Telugu (Tenglish),positive,joy,0.85
eeroju naaku chala baadha ga undi nenu thaluchukuntunna,Telugu (Tenglish),negative,sadness,-0.8
office mudichutu Today college la romba stressful ah irundhuchu work mudiyala manasula irukku,Tamil (Tanglish),negative,stress,-0.6
"All things considered, i feel happy very today just putting thoughts into words.",English,positive,joy,0.85
asalu cheppalante అనుకున్న విజయం సాధించినందుకు ఎంతో ఆనందంగా ఉంది. kani em chestham,Telugu,positive,joy,0.9
asalu cheppalante repu office lo meeting undi time ki vellali kani em chestham,Telugu (Tenglish),neutral,neutral,0.0
night time la காலையில் நடைப்பயிற்சி சென்று விட்டு மளிகை பொருட்கள் வாங்கினேன். manasula irukku,Tamil,neutral,neutral,0.0
"இன்று எதிலும் மனம் ஈடுபடவில்லை, அழுகையாக வருகிறது. kandippa nalladhu nadakkum",Tamil,negative,sadness,-0.75
ravile muthal innu manassil valare vishamam aayirunnu kannuneer vannu valare pradhaanamaanu,Malayalam (Manglish),negative,sadness,-0.85
office aypoyaka eroju normal ga gadichindi peddaga em ledu chala important,Telugu (Tenglish),neutral,neutral,0.0
nalathe divasam nallathavum ennu njan aashikkunnu ennalum enthu cheyyaan,Malayalam (Manglish),positive,hopeful,0.5
shuruat me mujhe future ko lekar bahut anxiety aur tension ho rahi hai dil me chal raha hai,Hindi (Hinglish),negative,anxiety,-0.6
starting lo naaku chala bagundi chala important,Telugu (Tenglish),positive,joy,0.85
inniku enaku thonuchu inniki romba sogama iruku,Tamil (Tanglish),negative,sadness,-0.8
aarambathil innathe divasam valare nallathayirunnu santhosham thonni theerchayayum nallathu sambhavikkum,Malayalam (Manglish),positive,joy,0.8
office ke baad aaj man me bohot sukoon aur shanti mehsoos ho rahi hai bohot zaroori hai,Hindi (Hinglish),positive,calm,0.6
innathe divasam valare nallathayirunnu santhosham thonni manassilund,Malayalam (Manglish),positive,joy,0.8
nijanga cheppalante అనుకున్న విజయం సాధించినందుకు ఎంతో ఆనందంగా ఉంది. nenu thaluchukuntunna,Telugu,positive,joy,0.9
overall aayi nokkiyaal bhayangara deshyam varunnu kali aavunnu njan orkkunnu,Malayalam (Manglish),negative,stress,-0.75
sathyam paranjal nalathe divasam nallathavum ennu njan aashikkunnu manassilund,Malayalam (Manglish),positive,hopeful,0.5
aarambathil innu valare frustrating aayirunnu pani theerkaan pattiyilla full energy theernnu njan orkkunnu,Malayalam (Manglish),negative,stress,-0.7
night padukune mundhu continuous meetings valla chala burnout aypoyanu,Telugu (Tenglish),negative,stress,-0.65
nijanga cheppalante పనుల భారం ఎక్కువై బాగా అలసిపోయాను. ilaane saaguthundi,Telugu,negative,stress,-0.6
office aypoyaka eeroju naaku chala baadha ga undi,Telugu (Tenglish),negative,sadness,-0.8
sathyam paranjaal സാധനങ്ങൾ വാങ്ങി വീട്ടിലെത്തി ഭക്ഷണം കഴിച്ചു. theerchayayum nallathu sambhavikkum,Malayalam,neutral,neutral,0.0
naale meeting undu athinte kaaryangal nokki valare pradhaanamaanu,Malayalam (Manglish),neutral,neutral,0.0
overall ah paatha varuthama irukku romba alone ah feel panren aana enna panna,Tamil (Tanglish),negative,sadness,-0.75
shuruat me mujhe bhavishya ko lekar bohot chinta hai zaroor accha hoga,Hindi (Hinglish),negative,anxiety,-0.6
"raathri aayappol ഹൃദയം നുറുങ്ങുന്ന വേദന തോന്നുന്നു, ആരും കൂടെയില്ല.",Malayalam,negative,sadness,-0.8
asalu cheppalante naaku chala badhaga undi kachithanga manchidi jaruguthundi,Telugu (Tenglish),negative,sadness,-0.8
asalu cheppalante starting lo kastam ga anipinchindi kani ipudu baga improve ayyindi,Telugu (Tenglish),mixed,hopeful,0.45
starting la enna panna poren nu theriyama thinaruren romba panic romba mukkiyam,Tamil (Tanglish),negative,anxiety,-0.6
aarambathil naale meeting undu athinte kaaryangal nokki manassilund,Malayalam (Manglish),neutral,neutral,0.0
sathyam paranjaal enthanu ivide sambhavikkunnathu ennu oru manassilavilla theerchayayum nallathu sambhavikkum,Malayalam (Manglish),negative,anxiety,-0.5
kaalaila irundhe enna panna poren nu theriyama thinaruren romba panic kandippa nalladhu nadakkum,Tamil (Tanglish),negative,anxiety,-0.6
"aaj mujhe aisa laga ki आज ऑफिस में काम का बहुत दबाव था, सिर दर्द हो रहा है। zaroor accha hoga",Hindi,negative,stress,-0.65
friends kooda pesumpodhu enakku edhuvum pudikkala manasu full ah valikudhu ippadiye poitu irukku,Tamil (Tanglish),negative,sadness,-0.8
subah se hi family ke sath time spend kiya bohot khushi hui,Hindi (Hinglish),positive,joy,0.85
"All things considered, sick of this extremely deceitful nonsense and frustration happening every day",English,negative,stress,-0.85
"At the end of the day, we are so back huge w celebration today and that is how it feels.",English,positive,joy,0.9
raathri aayappol ithu maarum ennu vishwasam undu future nannavum theerchayayum nallathu sambhavikkum,Malayalam (Manglish),positive,hopeful,0.6
"Lately, i was doing my thing and i feel happy af and that is how it feels.",English,positive,joy,0.85
"Sitting quietly right now, locked in for the comeback we got this taking one step at a time.",English,positive,hopeful,0.65
"raat ko sochte huye आज का दिन बहुत शानदार रहा, परिवार के साथ बहुत खुशी मिली।",Hindi,positive,joy,0.85
udayam nunchi కష్టాలు దాటి మంచి రోజులు వస్తాయని ఆశిస్తున్నాను. kachithanga manchidi jaruguthundi,Telugu,positive,hopeful,0.55
"Truth be told, Cannot shake off this constant sense of worry and tension. taking one step at a time.",English,negative,anxiety,-0.5
aaj mujhe aisa laga ki ye ho kya rha h kuch samajh nahi aa raha zaroor accha hoga,Hindi (Hinglish),negative,anxiety,-0.5
"All things considered, feeling feeling deeply sad, desperate, and heartbroken and completely heartbroken just putting thoughts into words.",English,negative,sadness,-0.85
aaj mujhe aisa laga ki bohot dukh ho raha hai rona aa raha hai aage dekhte hai,Hindi (Hinglish),negative,sadness,-0.8
office ke baad aaj ka din bas normal raha koi khaas baat nahi bohot zaroori hai,Hindi (Hinglish),neutral,neutral,0.0
Stepping forward with quiet optimism that things will get better. hoping for the best.,English,positive,hopeful,0.6
eeroju naaku anipinchindi chala bagundi eeroju nenu thaluchukuntunna,Telugu (Tenglish),positive,joy,0.85
joli kazhinju grocery vaangi veettil ethi dinner kazhichu,Malayalam (Manglish),neutral,neutral,0.0
asalu cheppalante naaku ee roju em nachaledhu manasu antha baram ga undi kachithanga manchidi jaruguthundi,Telugu (Tenglish),negative,sadness,-0.8
"Looking back at the day, i was doing my thing and i feel happy af keeping this in mind.",English,positive,joy,0.85
such bolu toh kal subah 10 baje meeting scheduled hai,Hindi (Hinglish),neutral,neutral,0.0
"Right now, deadass exhausted and overstimulated right now trying to process it all.",English,negative,stress,-0.7
eeroju naaku anipinchindi evaritho matladali anna bhayam vestondi nervous ga undi,Telugu (Tenglish),negative,anxiety,-0.5
eeroju naaku anipinchindi కష్టాలు దాటి మంచి రోజులు వస్తాయని ఆశిస్తున్నాను. chala important,Telugu,positive,hopeful,0.55
friends tho matladinapudu chala kopam vasthondi naaku andhari meeda nenu thaluchukuntunna,Telugu (Tenglish),negative,stress,-0.8
eeroju naaku anipinchindi naaku assalu nachatledu chala badhaga undi kani em chestham,Telugu (Tenglish),negative,sadness,-0.75
sathiyama solren manasula oru periya bayam vandhudhu eppodhum overthinking romba mukkiyam,Tamil (Tanglish),negative,anxiety,-0.5
raathri aayappol naalathe kaaryam orthu valare pedi aavunnu,Malayalam (Manglish),negative,anxiety,-0.6
"aaj mujhe aisa laga ki मन में बहुत उदासी और अकेलापन है, रोना आ रहा है। dil me chal raha hai",Hindi,negative,sadness,-0.8
office ke baad aaj bohot frustrating din tha kaam karte karte full energy khatam ho gayi par kya hi kar sakte hai,Hindi (Hinglish),negative,stress,-0.75
eeroju naaku anipinchindi groceries thechi dinner chesukuni padukunna ilaane saaguthundi,Telugu (Tenglish),neutral,neutral,0.0
"Reflecting on today, Believing in my capacity to grow and overcome these hurdles. just putting thoughts into words.",English,positive,hopeful,0.5
innu enikku thonni innu manassil valare vishamam aayirunnu kannuneer vannu valare pradhaanamaanu,Malayalam (Manglish),negative,sadness,-0.85
"All things considered, got ghosted and fumbled everything feels miserable as time goes by.",English,negative,sadness,-0.8
eeroju naaku anipinchindi ప్రకృతి మధ్యలో ప్రశాంతమైన క్షణాలు గడిపాను. manasulo undi,Telugu,positive,calm,0.65
night padukune mundhu భవిష్యత్తుపై గొప్ప ఆశ మరియు నమ్మకం ఉన్నాయి. chala important,Telugu,positive,hopeful,0.6
sathiyama solren inniku semma happy ah irukku outing ponen full fun ippadiye poitu irukku,Tamil (Tanglish),positive,joy,0.85
night padukune mundhu naaku ee roju em nachaledhu manasu antha baram ga undi kani em chestham,Telugu (Tenglish),negative,sadness,-0.8
starting lo future gurinchi chala bhayam ga undi emi cheyalo telidu ilaane saaguthundi,Telugu (Tenglish),negative,anxiety,-0.6
nijanga cheppalante naaku chala badhaga undi kani em chestham,Telugu (Tenglish),negative,sadness,-0.8
sathyam paranjaal പ്രതിസന്ധികൾക്കിടയിലും പുതിയൊരു പ്രത്യാശ തോന്നുന്നു. ennalum enthu cheyyaan,Malayalam,positive,hopeful,0.6
innu valare frustrating aayirunnu pani theerkaan pattiyilla full energy theernnu manassilund,Malayalam (Manglish),negative,stress,-0.7
"Lately, Meeting scheduled for 3 PM tomorrow afternoon. keeping this in mind.",English,neutral,neutral,0.0
innu sadharana divasam aayirunnu vishashangal onnum illa njan orkkunnu,Malayalam (Manglish),neutral,neutral,0.0
office mudichutu enaku inniki sogama iruku kandippa nalladhu nadakkum,Tamil (Tanglish),negative,sadness,-0.8
"Sitting quietly right now, we are so back huge w celebration today and that is how it feels.",English,positive,joy,0.9
"In all fairness, Too much pressure at workplace, burning out quickly and head is pounding.",English,negative,stress,-0.75
joli kazhinju weather cloudy aayirunnu routine poyikkoondirikkunnu,Malayalam (Manglish),neutral,neutral,0.0
"இன்று மிகவும் மகிழ்ச்சியான நாள், எல்லோருடனும் கொண்டாடினோம். aana enna panna",Tamil,positive,joy,0.85
"such bolu toh मन में बहुत बेचैनी है, समझ नहीं आ रहा क्या करूं। zaroor accha hoga",Hindi,negative,anxiety,-0.5
sathyam paranjaal manassil oru nalla aashanka undu overthinking,Malayalam (Manglish),negative,anxiety,-0.45
office mudichutu nambikkai irukku seekiram ellam seri aagum ennala mudiyala,Tamil (Tanglish),positive,hopeful,0.6
"All things considered, i am so angry and furious, enraged, and irritated today taking one step at a time.",English,negative,stress,-0.85
overall ah paatha friends kooda outing poitu vandhom semma enjoy pannom ennala mudiyala,Tamil (Tanglish),positive,joy,0.8
"Honestly speaking, Today was calm and quiet, enjoyed a slow peaceful morning. just putting thoughts into words.",English,positive,calm,0.55
"Looking back at the day, slayed that presentation left no crumbs feeling goated",English,positive,joy,0.95
innu enikku thonni innu valare sankadam thonnunnu njan orkkunnu,Malayalam (Manglish),negative,sadness,-0.8
eeroju naaku anipinchindi chala bagundi eeroju nenu thaluchukuntunna,Telugu (Tenglish),positive,joy,0.85
sathyam paranjal സാധനങ്ങൾ വാങ്ങി വീട്ടിലെത്തി ഭക്ഷണം കഴിച്ചു. njan orkkunnu,Malayalam,neutral,neutral,0.0
"raat ko sochte huye मन में बहुत उदासी और अकेलापन है, रोना आ रहा है।",Hindi,negative,sadness,-0.8
office mudichutu நாளைய நாள் சிறப்பாக அமையும் என்ற நம்பிக்கை உள்ளது. ippadiye poitu irukku,Tamil,positive,hopeful,0.6
overall ah paatha bayama irukku manasula full ah anxiety panic aana enna panna,Tamil (Tanglish),negative,anxiety,-0.6
raat ko sochte huye aaj man me bohot sukoon aur shanti mehsoos ho rahi hai bohot zaroori hai,Hindi (Hinglish),positive,calm,0.6
innu enikku thonni naalathe kaaryam orthu valare pedi aavunnu ennalum enthu cheyyaan,Malayalam (Manglish),negative,anxiety,-0.6
overall ah paatha இயற்கையின் மடியில் அமைதியான மற்றும் தெளிவான தருணம். kandippa nalladhu nadakkum,Tamil,positive,calm,0.65
"Overall feeling, Smiled all day long, surrounded by love and warmth. hoping for the best.",English,positive,joy,0.85
sathyam paranjaal മനസ്സിൽ വലിയ ആകുലതയും ഭയവും നിറഞ്ഞുനിൽക്കുന്നു.,Malayalam,negative,anxiety,-0.55
unmaiya sollanum na friends kooda outing poitu vandhom semma enjoy pannom,Tamil (Tanglish),positive,joy,0.8
"At the end of the day, Feeling so isolated and unvalued by people around me. trying to process it all.",English,negative,sadness,-0.7
inniku enaku thonuchu sema jolly ah irundhuchu vera level day romba mukkiyam,Tamil (Tanglish),positive,joy,0.85
friends kooda pesumpodhu enaku inniki sogama iruku,Tamil (Tanglish),negative,sadness,-0.8
Exhausted from back to back meetings and relentless deadlines. moving forward regardless.,English,negative,stress,-0.65
"In all fairness, hehehhe iima hold gold reoopemdx trying to process it all.",English,neutral,neutral,0.0
"overall ga chusthe హృదయం ముక్కలైపోయినట్లు అనిపిస్తుంది, ఏమీ తోచడం లేదు. ilaane saaguthundi",Telugu,negative,sadness,-0.85
eeroju naaku anipinchindi eroju chala bagundi chala santhosham ga unnanu manasulo undi,Telugu (Tenglish),positive,joy,0.8
"To be honest, i feel happy very today moving forward regardless.",English,positive,joy,0.85
assignment submission time la romba stress aagudhu ennala mudiyala,Tamil (Tanglish),negative,stress,-0.6
sathyam paranjaal valare pedi aavunnu aashanka aakulam undu ennalum enthu cheyyaan,Malayalam (Manglish),negative,anxiety,-0.6
"All things considered, slayed that presentation left no crumbs feeling goated trying to process it all.",English,positive,joy,0.95
"At the end of the day, Just writing a quick factual note for today. moving forward regardless.",English,neutral,neutral,0.0
starting lo eroju normal ga gadichindi peddaga em ledu kachithanga manchidi jaruguthundi,Telugu (Tenglish),neutral,neutral,0.0
aaj mujhe aisa laga ki kal subah 10 baje meeting scheduled hai zaroor accha hoga,Hindi (Hinglish),neutral,neutral,0.0
doston ke sath baat karke bohot khush hu aaj doston ke sath maza aaya bohot zaroori hai,Hindi (Hinglish),positive,joy,0.85
"Looking back at the day, gugu gaga moving forward regardless.",English,neutral,neutral,0.0
overall dekha jaye toh thoda time lagega par sab theek ho jayega mujhe pura bharosa hai bohot zaroori hai,Hindi (Hinglish),positive,hopeful,0.55
aarambathil മനസ്സിൽ വലിയ ആകുലതയും ഭയവും നിറഞ്ഞുനിൽക്കുന്നു. njan orkkunnu,Malayalam,negative,anxiety,-0.55
aaj mujhe aisa laga ki mujhe future ko lekar bahut anxiety aur tension ho rahi hai bohot zaroori hai,Hindi (Hinglish),negative,anxiety,-0.6
blah blah blah nothing much to report just testing hoping for the best.,English,neutral,neutral,0.0
"All things considered, Exhausted from back to back meetings and relentless deadlines. as time goes by.",English,negative,stress,-0.65
"Right now, acting extremely anxious and panic stricken over these deadlines so nervous and stressed trying to process it all.",English,negative,anxiety,-0.65
"Honestly speaking, I am feeling really peaceful and relaxed today after my walk. trying to process it all.",English,positive,calm,0.6
"friends tho matladinapudu ఈ రోజు చాలా బాధగా మరియు ఒంటరిగా ఉంది, మనసంతా భారంగా ఉంది. kachithanga manchidi jaruguthundi",Telugu,negative,sadness,-0.8
raathri aayappol bhayangara deshyam varunnu kali aavunnu valare pradhaanamaanu,Malayalam (Manglish),negative,stress,-0.75
starting la romba kovama irukku manasula manasula irukku,Tamil (Tanglish),negative,stress,-0.8
friends kooda pesumpodhu மனதில் இனம் புரியாத பயமும் பதற்றமும் நிறைந்துள்ளது. manasula irukku,Tamil,negative,anxiety,-0.55
aaj office me bahut jyada stress tha kaam ka bojh badh gaya zaroor accha hoga,Hindi (Hinglish),negative,stress,-0.65
ఒక్క సీటు కూడా గెలవలేనోనికి ఇంత బిల్డప్పా..,Telugu,negative,stress,-0.6
udayam nunchi eroju normal ga gadichindi peddaga em ledu chala important,Telugu (Tenglish),neutral,neutral,0.0
sathyam paranjaal exam orthu manassil aakulam thonnikunnu night sleep illa theerchayayum nallathu sambhavikkum,Malayalam (Manglish),negative,anxiety,-0.55
we are so back huge w celebration today moving forward regardless.,English,positive,joy,0.9
"Lately, mewing in silence enjoying pure peace and solitude",English,positive,calm,0.6
"Sitting quietly right now, got ghosted and fumbled everything feels miserable trying to process it all.",English,negative,sadness,-0.8
inniku enaku thonuchu semma tired and exhausted ah irukku work pressure aana enna panna,Tamil (Tanglish),negative,stress,-0.7
"Overall feeling, i feel really happy today just putting thoughts into words.",English,positive,joy,0.85
such bolu toh results ka soch kar ghabrahat ho rahi hai neend nahi aa rahi dil me chal raha hai,Hindi (Hinglish),negative,anxiety,-0.55
unmaiya sollanum na semma gaand aagudhu romba kovam romba mukkiyam,Tamil (Tanglish),negative,stress,-0.8
overall ah paatha manasula oru periya bayam vandhudhu eppodhum overthinking aana enna panna,Tamil (Tanglish),negative,anxiety,-0.5
udayam nunchi అనుకున్న విజయం సాధించినందుకు ఎంతో ఆనందంగా ఉంది. manasulo undi,Telugu,positive,joy,0.9
night padukune mundhu naaku chaala bagundi super happy day kachithanga manchidi jaruguthundi,Telugu (Tenglish),positive,joy,0.85
office mudichutu nambikkai irukku seekiram ellam seri aagum aana enna panna,Tamil (Tanglish),positive,hopeful,0.6
friends tho matladinapudu weather normal ga undi routine panulu aypoyai manasulo undi,Telugu (Tenglish),neutral,neutral,0.0
eeroju naaku anipinchindi interview mundhu chala panic ayyanu heartbeat fast ga undi chala important,Telugu (Tenglish),negative,anxiety,-0.6
asalu cheppalante ontariga anipistondi andharu dooram aypoyaru nenu thaluchukuntunna,Telugu (Tenglish),negative,sadness,-0.7
"shuruat me आज का दिन बहुत शानदार रहा, परिवार के साथ बहुत खुशी मिली। dil me chal raha hai",Hindi,positive,joy,0.85
overall ga chusthe panulu anni okesari vachi chala pressure ga anipinchindi kani em chestham,Telugu (Tenglish),negative,stress,-0.65
such bolu toh aaj bohot frustrating din tha kaam karte karte full energy khatam ho gayi par kya hi kar sakte hai,Hindi (Hinglish),negative,stress,-0.75
"aarambathil ഇന്ന് എനിക്ക് വളരെ സന്തോഷം തോന്നി, എല്ലാം നല്ല രീതിയിൽ നടന്നു.",Malayalam,positive,joy,0.85
starting la காலையில் நடைப்பயிற்சி சென்று விட்டு மளிகை பொருட்கள் வாங்கினேன். kandippa nalladhu nadakkum,Tamil,neutral,neutral,0.0
காலையில் நடைப்பயிற்சி சென்று விட்டு மளிகை பொருட்கள் வாங்கினேன். ippadiye poitu irukku,Tamil,neutral,neutral,0.0
such me bolu toh aaj phir se rona aa gaya sab kuch chhoot gaya,Hindi (Hinglish),negative,sadness,-0.85
doston ke sath baat karke aaj ka din bohot accha raha celebration hua bohot zaroori hai,Hindi (Hinglish),positive,joy,0.8
"In all fairness, crashed out over this bullshit situation ffs as time goes by.",English,negative,stress,-0.85
sathiyama solren sema jolly ah irundhuchu vera level day,Tamil (Tanglish),positive,joy,0.85
unmaiya sollanum na inniku manasula periya sogam rona vandhudhu ippadiye poitu irukku,Tamil (Tanglish),negative,sadness,-0.85
i am so angry and pissed off today as time goes by.,English,negative,stress,-0.85
overall aayi nokkiyaal full day busy aayirunnu thalarnnu poyi manassilund,Malayalam (Manglish),negative,stress,-0.6
innu enikku thonni നാളെ എന്ത് സംഭവിക്കും എന്നോർത്ത് വലിയ പേടിയാണ്. theerchayayum nallathu sambhavikkum,Malayalam,negative,anxiety,-0.6
eroju chala frustrating ga undi work lo problems vachi full energy aypoyindi nenu thaluchukuntunna,Telugu (Tenglish),negative,stress,-0.7
asalu cheppalante results ela vasthayo ani chala tension paduthunna manasulo undi,Telugu (Tenglish),negative,anxiety,-0.55
friendsine kandappol bhayangara deshyam varunnu kali aavunnu valare pradhaanamaanu,Malayalam (Manglish),negative,stress,-0.75
sathiyama solren நாளைய நாள் சிறப்பாக அமையும் என்ற நம்பிக்கை உள்ளது. manasula irukku,Tamil,positive,hopeful,0.6
office aypoyaka naaku assalu nachatledu chala badhaga undi,Telugu (Tenglish),negative,sadness,-0.75
nijanga cheppalante panulu anni okesari vachi chala pressure ga anipinchindi ilaane saaguthundi,Telugu (Tenglish),negative,stress,-0.65
raathri aayappol weather cloudy aayirunnu routine poyikkoondirikkunnu valare pradhaanamaanu,Malayalam (Manglish),neutral,neutral,0.0
overall ah paatha sema jolly ah irundhuchu vera level day kandippa nalladhu nadakkum,Tamil (Tanglish),positive,joy,0.85
നിശ്ശബ്ദമായ പ്രഭാതം മനസ്സിന് കുളിർമ നൽകി.,Malayalam,positive,calm,0.65
unmaiya sollanum na enakku sogam aa irukku,Tamil (Tanglish),negative,sadness,-0.8
innu enikku thonni ravile meditation cheythu mind fresh aayi theerchayayum nallathu sambhavikkum,Malayalam (Manglish),positive,calm,0.65
aaj mood bahut kharab hai dil bohot dukhi hai,Hindi (Hinglish),negative,sadness,-0.75
innu enikku thonni naalathe kaaryam orthu valare pedi aavunnu manassilund,Malayalam (Manglish),negative,anxiety,-0.6
shuruat me dil me ajeeb si bechaini aur ghabrahat ho rahi hai aage dekhte hai,Hindi (Hinglish),negative,anxiety,-0.55
kaalaila irundhe தேர்வு முடிவுகளை நினைத்தால் மிகவும் பயமாக உள்ளது. kandippa nalladhu nadakkum,Tamil,negative,anxiety,-0.6
"At the end of the day, we are so back huge w celebration today",English,positive,joy,0.9
shuruat me aaj ka din bas normal raha koi khaas baat nahi aage dekhte hai,Hindi (Hinglish),neutral,neutral,0.0
office aypoyaka continuous meetings valla chala burnout aypoyanu manasulo undi,Telugu (Tenglish),negative,stress,-0.65
friendsine kandappol enikku innu onnum ishtamayilla manassu thakarnnu njan orkkunnu,Malayalam (Manglish),negative,sadness,-0.75
subah meditation kiya mind bilkul relaxed ho gaya dil me chal raha hai,Hindi (Hinglish),positive,calm,0.65
"sathiyama solren இன்று வேலை அழுத்தம் தாங்க முடியவில்லை, மிகவும் சிரமமாக உள்ளது. kandippa nalladhu nadakkum",Tamil,negative,stress,-0.65
"aaj mujhe aisa laga ki मन में बहुत बेचैनी है, समझ नहीं आ रहा क्या करूं।",Hindi,negative,anxiety,-0.5
friends tho matladinapudu rojantha kashtapadi body motham alasata ga noppulu ga undi kachithanga manchidi jaruguthundi,Telugu (Tenglish),negative,stress,-0.55
eeroju naaku anipinchindi starting lo kastam ga anipinchindi kani ipudu baga improve ayyindi nenu thaluchukuntunna,Telugu (Tenglish),mixed,hopeful,0.45
raathri aayappol സാധനങ്ങൾ വാങ്ങി വീട്ടിലെത്തി ഭക്ഷണം കഴിച്ചു. ennalum enthu cheyyaan,Malayalam,neutral,neutral,0.0
"Sitting quietly right now, Bought groceries, in serious distress and trouble dinner, and organized my desk. moving forward regardless.",English,neutral,neutral,0.0
"Overall feeling, a cat pissed all over my shoes and clothes so annoying and exhausted and that is how it feels.",English,negative,stress,-0.75
kaalaila irundhe Today college la romba stressful ah irundhuchu work mudiyala romba mukkiyam,Tamil (Tanglish),negative,stress,-0.6
joli kazhinju ithu maarum ennu vishwasam undu future nannavum njan orkkunnu,Malayalam (Manglish),positive,hopeful,0.6
such bolu toh dimag bilkul kharab ho chuka hai itni tension me zaroor accha hoga,Hindi (Hinglish),negative,stress,-0.7
aarambathil ravile meditation cheythu mind fresh aayi theerchayayum nallathu sambhavikkum,Malayalam (Manglish),positive,calm,0.65
aarambathil nalla oru shanthamaya divasam aayirunnu ashwasam thonnunnu valare pradhaanamaanu,Malayalam (Manglish),positive,calm,0.6
"Right now, Feeling grounded, mindful, and completely at peace with myself. moving forward regardless.",English,positive,calm,0.7
"At the end of the day, Chasing endless tasks all day without a single break. trying to process it all.",English,negative,stress,-0.6
doston ke sath baat karke subah meditation kiya mind bilkul relaxed ho gaya bohot zaroori hai,Hindi (Hinglish),positive,calm,0.65
aaj mujhe aisa laga ki aaj office me bahut jyada stress tha kaam ka bojh badh gaya,Hindi (Hinglish),negative,stress,-0.65
friends tho matladinapudu naaku chaala bagundi chala important,Telugu (Tenglish),positive,joy,0.85
weather normal ah cloudy ah irundhuchu ennala mudiyala,Tamil (Tanglish),neutral,neutral,0.0
kaalaila irundhe future pathi positive ah ninaikiren nalla nadakkum ennala mudiyala,Tamil (Tanglish),positive,hopeful,0.6
sathyam paranjal interview orthu chankidikkunnu tension aavunnu manassilund,Malayalam (Manglish),negative,anxiety,-0.5
aarambathil innu valare sankadam thonnunnu ennalum enthu cheyyaan,Malayalam (Manglish),negative,sadness,-0.8
night padukune mundhu chala bagundi eeroju manasulo undi,Telugu (Tenglish),positive,joy,0.85
starting lo eroju chala santhosham ga undi full enjoy chesamu kani em chestham,Telugu (Tenglish),positive,joy,0.85
night padukune mundhu rojantha kashtapadi body motham alasata ga noppulu ga undi nenu thaluchukuntunna,Telugu (Tenglish),negative,stress,-0.55
office aypoyaka naaku chaala bagundi super happy day,Telugu (Tenglish),positive,joy,0.85
overall aayi nokkiyaal innu valare sankadam thonnunnu theerchayayum nallathu sambhavikkum,Malayalam (Manglish),negative,sadness,-0.8
friends kooda pesumpodhu just daily task update note panren ippadiye poitu irukku,Tamil (Tanglish),neutral,neutral,0.0
office mudichutu கடினமான சூழலிலும் ஒரு நல்ல நம்பிக்கை மனதில் பிறக்கிறது. manasula irukku,Tamil,positive,hopeful,0.55
shuruat me subah meditation kiya mind bilkul relaxed ho gaya dil me chal raha hai,Hindi (Hinglish),positive,calm,0.65
aarambathil innathe divasam valare nallathayirunnu santhosham thonni manassilund,Malayalam (Manglish),positive,joy,0.8
"raat ko sochte huye आज का दिन सामान्य रहा, कोई खास बात नहीं हुई। zaroor accha hoga",Hindi,neutral,neutral,0.0
office mudichutu Continuous deadlines nala thala vali edukuthu romba stress ennala mudiyala,Tamil (Tanglish),negative,stress,-0.7
sathyam paranjaal naale meeting undu athinte kaaryangal nokki ennalum enthu cheyyaan,Malayalam (Manglish),neutral,neutral,0.0
"Reflecting on today, succeeded brilliantly with joy that presentation did something completely perfectly feeling greatest of all time and amazing taking one step at a time.",English,positive,joy,0.95
nijanga cheppalante eroju chala santhosham ga undi full enjoy chesamu kani em chestham,Telugu (Tenglish),positive,joy,0.85
such bolu toh mujhe bhavishya ko lekar bohot chinta hai zaroor accha hoga,Hindi (Hinglish),negative,anxiety,-0.6
kaalaila irundhe மனதில் இனம் புரியாத பயமும் பதற்றமும் நிறைந்துள்ளது. romba mukkiyam,Tamil,negative,anxiety,-0.55
eeroju naaku anipinchindi morning walk chesaka mind chala fresh ga calm ga undi,Telugu (Tenglish),positive,calm,0.65
"At the end of the day, When i when the when when I when, my whens become whats and my whats become when. Fein trying to process it all.",English,neutral,neutral,0.0
overall dekha jaye toh weather normal hai thodi thand hai dil me chal raha hai,Hindi (Hinglish),neutral,neutral,0.0
"Truth be told, Constantly dreading what tomorrow might bring, cannot sleep at all. hoping for the best.",English,negative,anxiety,-0.6
starting lo chala kopam vasthondi naaku andhari meeda,Telugu (Tenglish),negative,stress,-0.8
office mudichutu semma tired and exhausted ah irukku work pressure romba mukkiyam,Tamil (Tanglish),negative,stress,-0.7
raat ko sochte huye thoda time lagega par sab theek ho jayega mujhe pura bharosa hai zaroor accha hoga,Hindi (Hinglish),positive,hopeful,0.55
"Reflecting on today, lost control in extreme anger over this deceitful nonsense and frustration situation for fuck sake feeling extreme annoyance keeping this in mind.",English,negative,stress,-0.85
"In all fairness, acting extremely anxious and panic stricken over these deadlines so nervous and stressed keeping this in mind.",English,negative,anxiety,-0.65
"From the morning, Heavy chest and unable to find joy in anything today.",English,negative,sadness,-0.85
"Sitting quietly right now, Feeling so isolated and unvalued by people around me. and that is how it feels.",English,negative,sadness,-0.7
innu joliyil bhayangara stress aayirunnu ottum samayam kittiyilla njan orkkunnu,Malayalam (Manglish),negative,stress,-0.65
"eeroju naaku anipinchindi హృదయం ముక్కలైపోయినట్లు అనిపిస్తుంది, ఏమీ తోచడం లేదు. ilaane saaguthundi",Telugu,negative,sadness,-0.85
starting lo konchem tough situation kani mundhu manchi rojulu vasthai manasulo undi,Telugu (Tenglish),positive,hopeful,0.55
doston ke sath baat karke dil toot sa gaya hai kuch accha nahi lag raha par kya hi kar sakte hai,Hindi (Hinglish),negative,sadness,-0.8
overall aayi nokkiyaal innu joliyil bhayangara stress aayirunnu ottum samayam kittiyilla valare pradhaanamaanu,Malayalam (Manglish),negative,stress,-0.65
kaalaila irundhe inniku manasula periya sogam rona vandhudhu manasula irukku,Tamil (Tanglish),negative,sadness,-0.85
"Reflecting on today, I am feeling really peaceful and relaxed today after my walk. and that is how it feels.",English,positive,calm,0.6
doston ke sath baat karke aaj man me bohot sukoon aur shanti mehsoos ho rahi hai aage dekhte hai,Hindi (Hinglish),positive,calm,0.6
"आज का दिन बहुत शानदार रहा, परिवार के साथ बहुत खुशी मिली।",Hindi,positive,joy,0.85
"Lately, standing on business and focusing on my future keeping this in mind.",English,positive,hopeful,0.6
"Right now, feeling utterly devastated and heartbroken nobody cares about me my life is miserable and exhausting hoping for the best.",English,negative,sadness,-0.85
inniku enaku thonuchu semma gaandu and irritated ah irukku,Tamil (Tanglish),negative,stress,-0.75
"overall dekha jaye toh मन में बहुत उदासी और अकेलापन है, रोना आ रहा है। aage dekhte hai",Hindi,negative,sadness,-0.8
Bro nice editing bro meeku kanipinchi untee like kottamdi,Telugu,neutral,neutral,0.0
raat ko sochte huye aaj office me bahut jyada stress tha kaam ka bojh badh gaya par kya hi kar sakte hai,Hindi (Hinglish),negative,stress,-0.65
starting lo eroju chala frustrating ga undi work lo problems vachi full energy aypoyindi kani em chestham,Telugu (Tenglish),negative,stress,-0.7
starting la மனதில் இனம் புரியாத பயமும் பதற்றமும் நிறைந்துள்ளது. aana enna panna,Tamil,negative,anxiety,-0.55
"ఆఫీసులో పని ఒత్తిడి చాలా ఎక్కువగా ఉంది, నిద్ర కూడా పట్టడం లేదు. chala important",Telugu,negative,stress,-0.7
friends kooda pesumpodhu varuthama irukku romba alone ah feel panren romba mukkiyam,Tamil (Tanglish),negative,sadness,-0.75
such bolu toh aaj bohot frustrating din tha kaam karte karte full energy khatam ho gayi bohot zaroori hai,Hindi (Hinglish),negative,stress,-0.75
friends tho matladinapudu manasulo chala aashanthi ga ghabrahat ga undi night sleep ledu,Telugu (Tenglish),negative,anxiety,-0.5
subah se hi bohot gussa aa raha hai dimag phat raha hai bohot zaroori hai,Hindi (Hinglish),negative,stress,-0.8
"sathiyama solren இன்று வேலை அழுத்தம் தாங்க முடியவில்லை, மிகவும் சிரமமாக உள்ளது. ippadiye poitu irukku",Tamil,negative,stress,-0.65
innu enikku thonni ithu maarum ennu vishwasam undu future nannavum njan orkkunnu,Malayalam (Manglish),positive,hopeful,0.6
semma gaand aagudhu romba kovam ippadiye poitu irukku,Tamil (Tanglish),negative,stress,-0.8
overall dekha jaye toh kal subah 10 baje meeting scheduled hai dil me chal raha hai,Hindi (Hinglish),neutral,neutral,0.0
doston ke sath baat karke aaj ka din bohot accha raha celebration hua par kya hi kar sakte hai,Hindi (Hinglish),positive,joy,0.8
sathyam paranjaal innu valare frustrating aayirunnu pani theerkaan pattiyilla full energy theernnu theerchayayum nallathu sambhavikkum,Malayalam (Manglish),negative,stress,-0.7
innu manassil valare vishamam aayirunnu kannuneer vannu ennalum enthu cheyyaan,Malayalam (Manglish),negative,sadness,-0.85
raat ko sochte huye bohot dukh ho raha hai rona aa raha hai aage dekhte hai,Hindi (Hinglish),negative,sadness,-0.8
overall ah paatha enakku edhuvum pudikkala manasu full ah valikudhu,Tamil (Tanglish),negative,sadness,-0.8
inniku enaku thonuchu interview attend panna romba nervous ah irundhuchu,Tamil (Tanglish),negative,anxiety,-0.55
subah se hi deadlines meet nahi ho pa rahi manager pressure daal raha hai par kya hi kar sakte hai,Hindi (Hinglish),negative,stress,-0.65
raathri aayappol exam orthu manassil aakulam thonnikunnu night sleep illa theerchayayum nallathu sambhavikkum,Malayalam (Manglish),negative,anxiety,-0.55
family kooda time spend panninen manasuku romba happy manasula irukku,Tamil (Tanglish),positive,joy,0.85
"From the morning, locked in for the comeback we got this as time goes by.",English,positive,hopeful,0.65
joli kazhinju മനസ്സിൽ വലിയ ആകുലതയും ഭയവും നിറഞ്ഞുനിൽക്കുന്നു. ennalum enthu cheyyaan,Malayalam,negative,anxiety,-0.55
aaj mujhe aisa laga ki family ke sath time spend kiya bohot khushi hui par kya hi kar sakte hai,Hindi (Hinglish),positive,joy,0.85
office mudichutu interview attend panna romba nervous ah irundhuchu manasula irukku,Tamil (Tanglish),negative,anxiety,-0.55
such bolu toh kal ka din behtar hoga aisi aasha hai zaroor accha hoga,Hindi (Hinglish),positive,hopeful,0.5
"All things considered, My chest feels tight and I cannot stop overthinking every little detail. and that is how it feels.",English,negative,anxiety,-0.7
"Right now, Had an amazing celebration with family and close friends. moving forward regardless.",English,positive,joy,0.85
"eeroju naaku anipinchindi ఈ రోజు సాధారణంగా గడిచింది, రోజువారీ పనులు పూర్తయ్యాయి.",Telugu,neutral,neutral,0.0
"feeling furious, irritated and mad at everyone trying to process it all.",English,negative,stress,-0.8
overall ah paatha வெற்றி கிடைத்ததால் அளவில்லாத மகிழ்ச்சி அடைந்தேன். kandippa nalladhu nadakkum,Tamil,positive,joy,0.9
"Truth be told, So nervous and anxious about the interview results. just putting thoughts into words.",English,negative,anxiety,-0.55
starting lo evaritho matladali anna bhayam vestondi nervous ga undi kani em chestham,Telugu (Tenglish),negative,anxiety,-0.5
"In all fairness, feeling furious, irritated and mad at everyone trying to process it all.",English,negative,stress,-0.8
kaalaila irundhe Inniku romba frustrating ah irundhuchu work mudiyala full energy poiduchu,Tamil (Tanglish),negative,stress,-0.7
raat ko sochte huye subah meditation kiya mind bilkul relaxed ho gaya par kya hi kar sakte hai,Hindi (Hinglish),positive,calm,0.65
friendsine kandappol നിശ്ശബ്ദമായ പ്രഭാതം മനസ്സിന് കുളിർമ നൽകി. manassilund,Malayalam,positive,calm,0.65
"Overall feeling, Feeling grounded, mindful, and completely at peace with myself. keeping this in mind.",English,positive,calm,0.7
starting lo emi jaruguthundo asalu ardam kavatledu chala tension ilaane saaguthundi,Telugu (Tenglish),negative,anxiety,-0.55
sathiyama solren semma gaand aagudhu romba kovam ippadiye poitu irukku,Tamil (Tanglish),negative,stress,-0.8
innu valare sankadam thonnunnu,Malayalam (Manglish),negative,sadness,-0.8
"In all fairness, Just writing a quick factual note for today. and that is how it feels.",English,neutral,neutral,0.0
starting la manasu fulla sogam thonudhu ippadiye poitu irukku,Tamil (Tanglish),negative,sadness,-0.8
"In all fairness, i am sad hoping for the best.",English,negative,sadness,-0.8
ravile muthal manassil valare aashwasam thonnunnu silent day manassilund,Malayalam (Manglish),positive,calm,0.55
overall aayi nokkiyaal തുടർച്ചയായ ജോലികൾ കാരണം തലവേദനയും ക്ഷീണവും അനുഭവപ്പെടുന്നു. valare pradhaanamaanu,Malayalam,negative,stress,-0.6
chai pite huye shanti se baithe the,Hindi (Hinglish),positive,calm,0.55
raat ko sochte huye thoda time lagega par sab theek ho jayega mujhe pura bharosa hai aage dekhte hai,Hindi (Hinglish),positive,hopeful,0.55
starting lo kastam ga anipinchindi kani ipudu baga improve ayyindi ilaane saaguthundi,Telugu (Tenglish),mixed,hopeful,0.45
"shuruat me मन में बहुत बेचैनी है, समझ नहीं आ रहा क्या करूं।",Hindi,negative,anxiety,-0.5
office mudichutu inniku semma happy ah irukku outing ponen full fun ennala mudiyala,Tamil (Tanglish),positive,joy,0.85
shuruat me aaj phir se rona aa gaya sab kuch chhoot gaya par kya hi kar sakte hai,Hindi (Hinglish),negative,sadness,-0.85
doston ke sath baat karke bohot khush hu aaj doston ke sath maza aaya dil me chal raha hai,Hindi (Hinglish),positive,joy,0.85
"doston ke sath baat karke आज ऑफिस में काम का बहुत दबाव था, सिर दर्द हो रहा है। par kya hi kar sakte hai",Hindi,negative,stress,-0.65
nijanga cheppalante naaku chaala bagundi super happy day manasulo undi,Telugu (Tenglish),positive,joy,0.85
"Truth be told, locked in for the comeback we got this hoping for the best.",English,positive,hopeful,0.65
"At the end of the day, i am sad and that is how it feels.",English,negative,sadness,-0.8
starting la எனக்கு இன்று மிகவும் சோகமாக இருக்கிறது. kandippa nalladhu nadakkum,Tamil,negative,sadness,-0.8
Just realized that we are so back huge victory and celebration celebration today as time goes by.,English,positive,joy,0.9
such bolu toh मुझे भविष्य को लेकर बहुत चिंता और घबराहट हो रही है। dil me chal raha hai,Hindi,negative,anxiety,-0.6
friends tho matladinapudu groceries thechi dinner chesukuni padukunna chala important,Telugu (Tenglish),neutral,neutral,0.0
joli kazhinju തുടർച്ചയായ ജോലികൾ കാരണം തലവേദനയും ക്ഷീണവും അനുഭവപ്പെടുന്നു.,Malayalam,negative,stress,-0.6
kaalaila irundhe எனக்கு இன்று மிகவும் சோகமாக இருக்கிறது. romba mukkiyam,Tamil,negative,sadness,-0.8
nijanga cheppalante eeroju naaku chala baadha ga undi kachithanga manchidi jaruguthundi,Telugu (Tenglish),negative,sadness,-0.8
subah se hi kal subah 10 baje meeting scheduled hai,Hindi (Hinglish),neutral,neutral,0.0
inniku enaku thonuchu Continuous deadlines nala thala vali edukuthu romba stress,Tamil (Tanglish),negative,stress,-0.7
starting lo starting lo kastam ga anipinchindi kani ipudu baga improve ayyindi nenu thaluchukuntunna,Telugu (Tenglish),mixed,hopeful,0.45
overall ga chusthe eroju normal ga gadichindi peddaga em ledu kani em chestham,Telugu (Tenglish),neutral,neutral,0.0
"നല്ലൊരു പ്രതീക്ഷ മനസ്സിലുണ്ട്, കാര്യങ്ങൾ നന്നായി വരും. ennalum enthu cheyyaan",Malayalam,positive,hopeful,0.55
"Truth be told, i feel really happy today",English,positive,joy,0.85
overall dekha jaye toh weather normal hai thodi thand hai bohot zaroori hai,Hindi (Hinglish),neutral,neutral,0.0
night time la romba kashtama irukku yaarum kooda illa thoniya iruken ennala mudiyala,Tamil (Tanglish),negative,sadness,-0.75
raat ko sochte huye dil me ajeeb si bechaini aur ghabrahat ho rahi hai aage dekhte hai,Hindi (Hinglish),negative,anxiety,-0.55
"Truth be told, down horrendous nobody cares about me fml and that is how it feels.",English,negative,sadness,-0.85
నిపుకు పెడతా చల్లగా ఉంటాడా,Telugu,negative,stress,-0.6
ravile muthal bhayangara deshyam varunnu kali aavunnu,Malayalam (Manglish),negative,stress,-0.75
"office ke baad मन में बहुत बेचैनी है, समझ नहीं आ रहा क्या करूं। dil me chal raha hai",Hindi,negative,anxiety,-0.5
overall ga chusthe just regular daily note rastunnanu nenu thaluchukuntunna,Telugu (Tenglish),neutral,neutral,0.0
nijanga cheppalante chala bagundi eeroju kani em chestham,Telugu (Tenglish),positive,joy,0.85
friends kooda pesumpodhu night thookame varama bayama irukku mind full ah running ippadiye poitu irukku,Tamil (Tanglish),negative,anxiety,-0.55
"such me bolu toh आज का दिन बहुत शानदार रहा, परिवार के साथ बहुत खुशी मिली। par kya hi kar sakte hai",Hindi,positive,joy,0.85
"shuruat me आज ऑफिस में काम का बहुत दबाव था, सिर दर्द हो रहा है। dil me chal raha hai",Hindi,negative,stress,-0.65
"Overall feeling, everything is bussin and so much fun and that is how it feels.",English,positive,joy,0.85
starting lo continuous meetings valla chala burnout aypoyanu manasulo undi,Telugu (Tenglish),negative,stress,-0.65
aaj man me bohot sukoon aur shanti mehsoos ho rahi hai bohot zaroori hai,Hindi (Hinglish),positive,calm,0.6
starting la இயற்கையின் மடியில் அமைதியான மற்றும் தெளிவான தருணம். ippadiye poitu irukku,Tamil,positive,calm,0.65
friends kooda pesumpodhu nambikkai irukku seekiram ellam seri aagum manasula irukku,Tamil (Tanglish),positive,hopeful,0.6
"Honestly speaking, So nervous and anxious about the interview results. as time goes by.",English,negative,anxiety,-0.55
sogama iruken yaarum kooda illa aana enna panna,Tamil (Tanglish),negative,sadness,-0.8
"office mudichutu Naan work complete panna try pannitu irundhen, but every time some new problem vandhuchu full energy poiduchu ennala mudiyala",Tamil (Tanglish),negative,stress,-0.7
"From the morning, Too much pressure at workplace, burning out quickly and head is pounding. taking one step at a time.",English,negative,stress,-0.75
eeroju naaku anipinchindi chala badhaga undi manasu antha dukham tho nindi poyindi ilaane saaguthundi,Telugu (Tenglish),negative,sadness,-0.75
"raat ko sochte huye मन में बहुत बेचैनी है, समझ नहीं आ रहा क्या करूं। par kya hi kar sakte hai",Hindi,negative,anxiety,-0.5
"overall ah paatha இன்று எதிலும் மனம் ஈடுபடவில்லை, அழுகையாக வருகிறது. ippadiye poitu irukku",Tamil,negative,sadness,-0.75
asalu cheppalante ప్రకృతి మధ్యలో ప్రశాంతమైన క్షణాలు గడిపాను. ilaane saaguthundi,Telugu,positive,calm,0.65
overall ga chusthe pichi lesthondi chala kopam ga undi kachithanga manchidi jaruguthundi,Telugu (Tenglish),negative,stress,-0.8
unmaiya sollanum na sema jolly ah irundhuchu vera level day manasula irukku,Tamil (Tanglish),positive,joy,0.85
starting la weekend nalla relax panni meditate panninen manasu nimmathi kandippa nalladhu nadakkum,Tamil (Tanglish),positive,calm,0.6
udayam nunchi deadlines deggarapaduthunnai chala stress ga thala noppi undi ilaane saaguthundi,Telugu (Tenglish),negative,stress,-0.7
weather normal hai thodi thand hai zaroor accha hoga,Hindi (Hinglish),neutral,neutral,0.0
aaj mujhe aisa laga ki मुझे भविष्य को लेकर बहुत चिंता और घबराहट हो रही है।,Hindi,negative,anxiety,-0.6
asalu cheppalante rojantha kashtapadi body motham alasata ga noppulu ga undi nenu thaluchukuntunna,Telugu (Tenglish),negative,stress,-0.55
office aypoyaka నాడీ కొట్టుకోవడం ఎక్కువై చాలా ఆందోళనగా ఉంది. nenu thaluchukuntunna,Telugu,negative,anxiety,-0.65
doston ke sath baat karke weather normal hai thodi thand hai bohot zaroori hai,Hindi (Hinglish),neutral,neutral,0.0
night padukune mundhu panulu anni okesari vachi chala pressure ga anipinchindi,Telugu (Tenglish),negative,stress,-0.65
unmaiya sollanum na azhugaiya varudhu manasu romba valikudhu kandippa nalladhu nadakkum,Tamil (Tanglish),negative,sadness,-0.85
"feeling feeling deeply sad, desperate, and heartbroken and completely heartbroken just putting thoughts into words.",English,negative,sadness,-0.85
office aypoyaka rojantha kashtapadi body motham alasata ga noppulu ga undi nenu thaluchukuntunna,Telugu (Tenglish),negative,stress,-0.55
overall aayi nokkiyaal full day busy aayirunnu thalarnnu poyi theerchayayum nallathu sambhavikkum,Malayalam (Manglish),negative,stress,-0.6
inniku enaku thonuchu nimmathiya irukku manasu romba relaxed,Tamil (Tanglish),positive,calm,0.65
nalla oru shanthamaya divasam aayirunnu ashwasam thonnunnu njan orkkunnu,Malayalam (Manglish),positive,calm,0.6
doston ke sath baat karke bohot dukh ho raha hai rona aa raha hai zaroor accha hoga,Hindi (Hinglish),negative,sadness,-0.8
a little delulu but staying positive and moving forward taking one step at a time.,English,positive,hopeful,0.55
"Honestly speaking, unbothered, moisturized, in my lane and peaceful",English,positive,calm,0.7
Just realized that Exhausted from back to back meetings and relentless deadlines. trying to process it all.,English,negative,stress,-0.65
doston ke sath baat karke aaj phir se rona aa gaya sab kuch chhoot gaya zaroor accha hoga,Hindi (Hinglish),negative,sadness,-0.85
"Overall feeling, i was doing my thing and i feel happy very hoping for the best.",English,positive,joy,0.85
"At the end of the day, blah blah blah nothing much to report just testing keeping this in mind.",English,neutral,neutral,0.0
unmaiya sollanum na romba kovama irukku manasula kandippa nalladhu nadakkum,Tamil (Tanglish),negative,stress,-0.8
udayam nunchi naaku chala badha ga undi manasulo undi,Telugu (Tenglish),negative,sadness,-0.8
aarambathil നാളെ എന്ത് സംഭവിക്കും എന്നോർത്ത് വലിയ പേടിയാണ്.,Malayalam,negative,anxiety,-0.6
overall ah paatha exam pathi nenachaale romba bayama irukku onnum padikala kandippa nalladhu nadakkum,Tamil (Tanglish),negative,anxiety,-0.6
"At the end of the day, asdfghjkl qwertyuiop random keyboard test keeping this in mind.",English,neutral,neutral,0.0
doston ke sath baat karke deadlines meet nahi ho pa rahi manager pressure daal raha hai dil me chal raha hai,Hindi (Hinglish),negative,stress,-0.65
raat ko sochte huye aaj ka din bohot accha raha celebration hua zaroor accha hoga,Hindi (Hinglish),positive,joy,0.8
doston ke sath baat karke mujhe future ko lekar bahut anxiety aur tension ho rahi hai dil me chal raha hai,Hindi (Hinglish),negative,anxiety,-0.6
overall aayi nokkiyaal naalathe kaaryam orthu valare pedi aavunnu valare pradhaanamaanu,Malayalam (Manglish),negative,anxiety,-0.6
raat ko sochte huye ye ho kya rha h kuch samajh nahi aa raha,Hindi (Hinglish),negative,anxiety,-0.5
night padukune mundhu ontariga anipistondi andharu dooram aypoyaru kachithanga manchidi jaruguthundi,Telugu (Tenglish),negative,sadness,-0.7
doston ke sath baat karke aaj ka din bas normal raha koi khaas baat nahi zaroor accha hoga,Hindi (Hinglish),neutral,neutral,0.0
aarambathil interview orthu chankidikkunnu tension aavunnu njan orkkunnu,Malayalam (Manglish),negative,anxiety,-0.5
overall aayi nokkiyaal ജോലിയിലെ അമിത ജോലിഭാരം കാരണം തളർന്നുപോയി. njan orkkunnu,Malayalam,negative,stress,-0.65
Just realized that we are so back huge victory and celebration celebration today moving forward regardless.,English,positive,joy,0.9
sathyam paranjaal innu manassil valare vishamam aayirunnu kannuneer vannu theerchayayum nallathu sambhavikkum,Malayalam (Manglish),negative,sadness,-0.85
literally losing control from extreme stress and fury right now so mad and overwhelmed keeping this in mind.,English,negative,stress,-0.85
ravile muthal bhayangara deshyam varunnu kali aavunnu njan orkkunnu,Malayalam (Manglish),negative,stress,-0.75
overall ah paatha future enna aagumo nu romba bayama iruku,Tamil (Tanglish),negative,anxiety,-0.65
inniku enaku thonuchu future enna aagumo nu romba bayama iruku manasula irukku,Tamil (Tanglish),negative,anxiety,-0.65
eroju chala bagundi chala santhosham ga unnanu,Telugu (Tenglish),positive,joy,0.8
sathyam paranjaal ഇന്ന് വളരെ ദുഃഖം നിറഞ്ഞ ദിവസമായിരുന്നു. theerchayayum nallathu sambhavikkum,Malayalam,negative,sadness,-0.75
"Just realized that completely focused, determined, and calm for the comeback we got this",English,positive,hopeful,0.65
"Honestly speaking, When i when the when when I when, my whens become whats and my whats become when. Fein taking one step at a time.",English,neutral,neutral,0.0
వాడు అంటే అన్ని వదిలేశాడు మీకేమైంది మరి,Telugu,negative,stress,-0.6
sathiyama solren exam pathi nenachaale romba bayama irukku onnum padikala aana enna panna,Tamil (Tanglish),negative,anxiety,-0.6
"unmaiya sollanum na Naan work complete panna try pannitu irundhen, but every time some new problem vandhuchu full energy poiduchu",Tamil (Tanglish),negative,stress,-0.7
such bolu toh aaj phir se rona aa gaya sab kuch chhoot gaya zaroor accha hoga,Hindi (Hinglish),negative,sadness,-0.85
night padukune mundhu భవిష్యత్తు గురించి ఆలోచిస్తుంటే చాలా భయం మరియు ఆందోళన వేస్తుంది. kachithanga manchidi jaruguthundi,Telugu,negative,anxiety,-0.6
friendsine kandappol പ്രതിസന്ധികൾക്കിടയിലും പുതിയൊരു പ്രത്യാശ തോന്നുന്നു. ennalum enthu cheyyaan,Malayalam,positive,hopeful,0.6
kaalaila irundhe hard work pannina kandippa success kedaikkum namburan kandippa nalladhu nadakkum,Tamil (Tanglish),positive,hopeful,0.5
kaalaila irundhe chai kudichutu peaceful ah book padichen aana enna panna,Tamil (Tanglish),positive,calm,0.6
"aarambathil ഹൃദയം നുറുങ്ങുന്ന വേദന തോന്നുന്നു, ആരും കൂടെയില്ല. ennalum enthu cheyyaan",Malayalam,negative,sadness,-0.8
raat ko sochte huye dil toot sa gaya hai kuch accha nahi lag raha dil me chal raha hai,Hindi (Hinglish),negative,sadness,-0.8
sathyam paranjal naale meeting undu athinte kaaryangal nokki manassilund,Malayalam (Manglish),neutral,neutral,0.0
office mudichutu inniku manasula periya sogam rona vandhudhu romba mukkiyam,Tamil (Tanglish),negative,sadness,-0.85
night time la weather normal ah cloudy ah irundhuchu aana enna panna,Tamil (Tanglish),neutral,neutral,0.0
friends tho matladinapudu future gurinchi chala positive aashaga unnanu manasulo undi,Telugu (Tenglish),positive,hopeful,0.6
"Honestly speaking, i am sad hoping for the best.",English,negative,sadness,-0.8
overall aayi nokkiyaal നിശ്ശബ്ദമായ പ്രഭാതം മനസ്സിന് കുളിർമ നൽകി.,Malayalam,positive,calm,0.65
shuruat me deadlines meet nahi ho pa rahi manager pressure daal raha hai aage dekhte hai,Hindi (Hinglish),negative,stress,-0.65
friends kooda pesumpodhu nimmathiya irukku manasu romba relaxed aana enna panna,Tamil (Tanglish),positive,calm,0.65
"Looking back at the day, crying quietly because everything is so shitty hoping for the best.",English,negative,sadness,-0.8
"All things considered, blah blah blah nothing much to report just testing as time goes by.",English,neutral,neutral,0.0
such bolu toh mujhe future ko lekar bahut anxiety aur tension ho rahi hai dil me chal raha hai,Hindi (Hinglish),negative,anxiety,-0.6
subah se hi aaj ka din bas normal raha koi khaas baat nahi aage dekhte hai,Hindi (Hinglish),neutral,neutral,0.0
"ravile muthal ഇന്ന് എനിക്ക് വളരെ സന്തോഷം തോന്നി, എല്ലാം നല്ല രീതിയിൽ നടന്നു.",Malayalam,positive,joy,0.85
overall ga chusthe deadlines deggarapaduthunnai chala stress ga thala noppi undi ilaane saaguthundi,Telugu (Tenglish),negative,stress,-0.7
"All things considered, Today was good and productive, feeling very happy and energetic! trying to process it all.",English,positive,joy,0.8
unmaiya sollanum na Continuous deadlines nala thala vali edukuthu romba stress ennala mudiyala,Tamil (Tanglish),negative,stress,-0.7
friends tho matladinapudu rojantha kashtapadi body motham alasata ga noppulu ga undi kachithanga manchidi jaruguthundi,Telugu (Tenglish),negative,stress,-0.55
nijanga cheppalante project complete ayindi chala aanandam ga undi kani em chestham,Telugu (Tenglish),positive,joy,0.8
doston ke sath baat karke aaj bohot frustrating din tha kaam karte karte full energy khatam ho gayi aage dekhte hai,Hindi (Hinglish),negative,stress,-0.75
"overall aayi nokkiyaal ഇന്ന് ഒരു സാധാരണ ദിവസമായിരുന്നു, വലിയ വിശേഷങ്ങളൊന്നുമില്ല. valare pradhaanamaanu",Malayalam,neutral,neutral,0.0
friends tho matladinapudu eroju chala santhosham ga undi full enjoy chesamu ilaane saaguthundi,Telugu (Tenglish),positive,joy,0.85
"Looking back at the day, feeling down bad and completely heartbroken trying to process it all.",English,negative,sadness,-0.85
dil toot sa gaya hai kuch accha nahi lag raha,Hindi (Hinglish),negative,sadness,-0.8
office mudichutu inniku semma happy ah irukku outing ponen full fun romba mukkiyam,Tamil (Tanglish),positive,joy,0.85
"Right now, mewing in silence enjoying pure peace and solitude taking one step at a time.",English,positive,calm,0.6
kaalaila irundhe enaku inniki sogama iruku aana enna panna,Tamil (Tanglish),negative,sadness,-0.8
aaj mujhe aisa laga ki मुझे भविष्य को लेकर बहुत चिंता और घबराहट हो रही है। par kya hi kar sakte hai,Hindi,negative,anxiety,-0.6
subah se hi results ka soch kar ghabrahat ho rahi hai neend nahi aa rahi aage dekhte hai,Hindi (Hinglish),negative,anxiety,-0.55
"Sitting quietly right now, i am angry and that is how it feels.",English,negative,stress,-0.8
overall ga chusthe naaku chala bagundi kani em chestham,Telugu (Tenglish),positive,joy,0.85
asalu cheppalante eroju chala bagundi chala santhosham ga unnanu kachithanga manchidi jaruguthundi,Telugu (Tenglish),positive,joy,0.8
starting la romba kashtama irukku yaarum kooda illa thoniya iruken aana enna panna,Tamil (Tanglish),negative,sadness,-0.75
innu enikku thonni innathe divasam valare nallathayirunnu santhosham thonni manassilund,Malayalam (Manglish),positive,joy,0.8
office aypoyaka groceries thechi dinner chesukuni padukunna,Telugu (Tenglish),neutral,neutral,0.0
ravile muthal interview orthu chankidikkunnu tension aavunnu ennalum enthu cheyyaan,Malayalam (Manglish),negative,anxiety,-0.5
aaj mujhe aisa laga ki weather normal hai thodi thand hai zaroor accha hoga,Hindi (Hinglish),neutral,neutral,0.0
"Looking back at the day, I am feeling really peaceful and relaxed today after my walk. keeping this in mind.",English,positive,calm,0.6
unmaiya sollanum na manasula oru periya bayam vandhudhu eppodhum overthinking romba mukkiyam,Tamil (Tanglish),negative,anxiety,-0.5
aaj man me bohot sukoon aur shanti mehsoos ho rahi hai aage dekhte hai,Hindi (Hinglish),positive,calm,0.6
night time la semma gaand aagudhu romba kovam ennala mudiyala,Tamil (Tanglish),negative,stress,-0.8
enaku inniki sogama iruku kandippa nalladhu nadakkum,Tamil (Tanglish),negative,sadness,-0.8
overall ga chusthe emi jaruguthundo asalu ardam kavatledu chala tension kani em chestham,Telugu (Tenglish),negative,anxiety,-0.55
joli kazhinju തുടർച്ചയായ ജോലികൾ കാരണം തലവേദനയും ക്ഷീണവും അനുഭവപ്പെടുന്നു. valare pradhaanamaanu,Malayalam,negative,stress,-0.6
subah se hi chai pite huye shanti se baithe the par kya hi kar sakte hai,Hindi (Hinglish),positive,calm,0.55
hard work pannina kandippa success kedaikkum namburan kandippa nalladhu nadakkum,Tamil (Tanglish),positive,hopeful,0.5
overall ga chusthe eeroju manasulo chala prashantham ga undi shanti ga unnanu kani em chestham,Telugu (Tenglish),positive,calm,0.6
"From the morning, a cat extremely angry and furious all over my shoes and clothes so annoying and exhausted moving forward regardless.",English,negative,stress,-0.75
friends kooda pesumpodhu sema jolly ah irundhuchu vera level day kandippa nalladhu nadakkum,Tamil (Tanglish),positive,joy,0.85
aarambathil just casual note ezhuthukayanu,Malayalam (Manglish),neutral,neutral,0.0
night padukune mundhu rojantha kashtapadi body motham alasata ga noppulu ga undi ilaane saaguthundi,Telugu (Tenglish),negative,stress,-0.55
overall dekha jaye toh aaj ka din bas normal raha koi khaas baat nahi,Hindi (Hinglish),neutral,neutral,0.0
"At the end of the day, locked in for the comeback we got this moving forward regardless.",English,positive,hopeful,0.65
kallalo neellu aagadam ledu chala baadha nenu thaluchukuntunna,Telugu (Tenglish),negative,sadness,-0.85
future enna aagumo nu romba bayama iruku manasula irukku,Tamil (Tanglish),negative,anxiety,-0.65
"such me bolu toh आज का दिन बहुत शानदार रहा, परिवार के साथ बहुत खुशी मिली।",Hindi,positive,joy,0.85
aarambathil തുടർച്ചയായ ജോലികൾ കാരണം തലവേദനയും ക്ഷീണവും അനുഭവപ്പെടുന്നു. manassilund,Malayalam,negative,stress,-0.6
starting lo కష్టాలు దాటి మంచి రోజులు వస్తాయని ఆశిస్తున్నాను. nenu thaluchukuntunna,Telugu,positive,hopeful,0.55
starting la nambikkai irukku seekiram ellam seri aagum ippadiye poitu irukku,Tamil (Tanglish),positive,hopeful,0.6
"All things considered, I am in extreme trouble and stressed brother everything is falling apart as time goes by.",English,negative,stress,-0.75
office ke baad deadlines meet nahi ho pa rahi manager pressure daal raha hai bohot zaroori hai,Hindi (Hinglish),negative,stress,-0.65
succeeded brilliantly with joy that presentation did something completely perfectly feeling greatest of all time and amazing as time goes by.,English,positive,joy,0.95
morning walk chesaka mind chala fresh ga calm ga undi ilaane saaguthundi,Telugu (Tenglish),positive,calm,0.65
inniku enaku thonuchu இயற்கையின் மடியில் அமைதியான மற்றும் தெளிவான தருணம். kandippa nalladhu nadakkum,Tamil,positive,calm,0.65
"Truth be told, a little delulu but staying positive and moving forward trying to process it all.",English,positive,hopeful,0.55
office aypoyaka starting lo kastam ga anipinchindi kani ipudu baga improve ayyindi manasulo undi,Telugu (Tenglish),mixed,hopeful,0.45
"sathyam paranjal ഇന്ന് ഒരു സാധാരണ ദിവസമായിരുന്നു, വലിയ വിശേഷങ്ങളൊന്നുമില്ല. njan orkkunnu",Malayalam,neutral,neutral,0.0
"Reflecting on today, sick of this fucking bullshit happening every day trying to process it all.",English,negative,stress,-0.85
unmaiya sollanum na bayama irukku manasula full ah anxiety panic romba mukkiyam,Tamil (Tanglish),negative,anxiety,-0.6
"From the morning, Inniku romba frustrating ah irundhuchu work complete panna try pannitu irundhen full energy poiduchu trying to process it all.",English,negative,stress,-0.75
"Honestly speaking, Deep sense of emptiness and gloom lingering today. just putting thoughts into words.",English,negative,sadness,-0.75
aarambathil exam orthu manassil aakulam thonnikunnu night sleep illa ennalum enthu cheyyaan,Malayalam (Manglish),negative,anxiety,-0.55
asalu cheppalante eroju normal ga gadichindi peddaga em ledu manasulo undi,Telugu (Tenglish),neutral,neutral,0.0
raathri aayappol നാളെ എന്ത് സംഭവിക്കും എന്നോർത്ത് വലിയ പേടിയാണ്. theerchayayum nallathu sambhavikkum,Malayalam,negative,anxiety,-0.6
office aypoyaka future gurinchi chala bhayam ga undi emi cheyalo telidu kani em chestham,Telugu (Tenglish),negative,anxiety,-0.6
udayam nunchi ఈ రోజు మనసు చాలా ప్రశాంతంగా మరియు నిశ్శబ్దంగా ఉంది. manasulo undi,Telugu,positive,calm,0.6
overall aayi nokkiyaal innu valare frustrating aayirunnu pani theerkaan pattiyilla full energy theernnu valare pradhaanamaanu,Malayalam (Manglish),negative,stress,-0.7
"kaalaila irundhe Naan work complete panna try pannitu irundhen, but every time some new problem vandhuchu full energy poiduchu aana enna panna",Tamil (Tanglish),negative,stress,-0.7
nijanga cheppalante interview mundhu chala panic ayyanu heartbeat fast ga undi manasulo undi,Telugu (Tenglish),negative,anxiety,-0.6
raat ko sochte huye aaj phir se rona aa gaya sab kuch chhoot gaya aage dekhte hai,Hindi (Hinglish),negative,sadness,-0.85
"Lately, tweaking over these deadlines so nervous and stressed keeping this in mind.",English,negative,anxiety,-0.65
sathiyama solren Full day busy ah irundhu romba exhausted aayiten ippadiye poitu irukku,Tamil (Tanglish),negative,stress,-0.55
overall ga chusthe eroju office lo chala work load undi chala alasipoyanu manasulo undi,Telugu (Tenglish),negative,stress,-0.6
udayam nunchi deadlines deggarapaduthunnai chala stress ga thala noppi undi manasulo undi,Telugu (Tenglish),negative,stress,-0.7
friends kooda pesumpodhu enaku inniki edhume pudikala romba kashtama irukku,Tamil (Tanglish),negative,sadness,-0.75
just casual note ezhuthukayanu ennalum enthu cheyyaan,Malayalam (Manglish),neutral,neutral,0.0
"From the morning, got suddenly abandoned and ignored and ruined a wonderful opportunity everything feels miserable as time goes by.",English,negative,sadness,-0.8
joli kazhinju innu joliyil bhayangara stress aayirunnu ottum samayam kittiyilla njan orkkunnu,Malayalam (Manglish),negative,stress,-0.65
nijanga cheppalante repu office lo meeting undi time ki vellali,Telugu (Tenglish),neutral,neutral,0.0
Just realized that down horrendous nobody cares about me fml keeping this in mind.,English,negative,sadness,-0.85
"Overall feeling, Heavy chest and unable to find joy in anything today.",English,negative,sadness,-0.85
innu enikku thonni മനസ്സിൽ വലിയ ആകുലതയും ഭയവും നിറഞ്ഞുനിൽക്കുന്നു. manassilund,Malayalam,negative,anxiety,-0.55
overall ga chusthe manasulo chala aashanthi ga ghabrahat ga undi night sleep ledu kachithanga manchidi jaruguthundi,Telugu (Tenglish),negative,anxiety,-0.5
doston ke sath baat karke dimag bilkul kharab ho chuka hai itni tension me aage dekhte hai,Hindi (Hinglish),negative,stress,-0.7
inniku enaku thonuchu project pass aayiduchu romba santhosham manasula irukku,Tamil (Tanglish),positive,joy,0.9
"Truth be told, feeling furious, irritated and mad at everyone and that is how it feels.",English,negative,stress,-0.8
starting lo starting lo kastam ga anipinchindi kani ipudu baga improve ayyindi,Telugu (Tenglish),mixed,hopeful,0.45
Just realized that slayed that presentation left no crumbs feeling goated moving forward regardless.,English,positive,joy,0.95
eeroju naaku anipinchindi results ela vasthayo ani chala tension paduthunna kachithanga manchidi jaruguthundi,Telugu (Tenglish),negative,anxiety,-0.55
udayam nunchi konchem tough situation kani mundhu manchi rojulu vasthai kani em chestham,Telugu (Tenglish),positive,hopeful,0.55
"night padukune mundhu ఆఫీసులో పని ఒత్తిడి చాలా ఎక్కువగా ఉంది, నిద్ర కూడా పట్టడం లేదు. manasulo undi",Telugu,negative,stress,-0.7
nijanga cheppalante భవిష్యత్తుపై గొప్ప ఆశ మరియు నమ్మకం ఉన్నాయి. kachithanga manchidi jaruguthundi,Telugu,positive,hopeful,0.6
sathyam paranjal kudumbathodu koode nalla santhosha nimisham aayirunnu manassilund,Malayalam (Manglish),positive,joy,0.8
aarambathil deadline eppol theerkkum ennu orthu valare vishamam njan orkkunnu,Malayalam (Manglish),negative,stress,-0.55
overall dekha jaye toh bohot khush hu aaj doston ke sath maza aaya zaroor accha hoga,Hindi (Hinglish),positive,joy,0.85
chala kopam vasthondi naaku andhari meeda chala important,Telugu (Tenglish),negative,stress,-0.8
raathri aayappol തുടർച്ചയായ ജോലികൾ കാരണം തലവേദനയും ക്ഷീണവും അനുഭവപ്പെടുന്നു. manassilund,Malayalam,negative,stress,-0.6
overall ah paatha sogama iruken yaarum kooda illa romba mukkiyam,Tamil (Tanglish),negative,sadness,-0.8
"Truth be told, Feeling overwhelming anxiety and dread about tomorrow's presentation. as time goes by.",English,negative,anxiety,-0.65
friends tho matladinapudu interview mundhu chala panic ayyanu heartbeat fast ga undi,Telugu (Tenglish),negative,anxiety,-0.6
friendsine kandappol innu valare sankadam thonnunnu,Malayalam (Manglish),negative,sadness,-0.8
starting lo manasuki chala shanti ga anipinchindi silent evening kani em chestham,Telugu (Tenglish),positive,calm,0.55
"raat ko sochte huye मन में बहुत उदासी और अकेलापन है, रोना आ रहा है। bohot zaroori hai",Hindi,negative,sadness,-0.8
friends kooda pesumpodhu oru maadhiri tension and anxiety ah irukku enaku ippadiye poitu irukku,Tamil (Tanglish),negative,anxiety,-0.5
sathiyama solren grocery vaangitu vandhu dinner saaptom aana enna panna,Tamil (Tanglish),neutral,neutral,0.0
"office mudichutu மனதில் பெரும் சோகமும் வலியும் உள்ளது, தனிமையாக உணர்கிறேன். kandippa nalladhu nadakkum",Tamil,negative,sadness,-0.8
raathri aayappol njan innale valare santhoshavan aayirunnu friendsine kandu valare pradhaanamaanu,Malayalam (Manglish),positive,joy,0.85
raat ko sochte huye ye ho kya rha h kuch samajh nahi aa raha par kya hi kar sakte hai,Hindi (Hinglish),negative,anxiety,-0.5
"To be honest, Chasing endless tasks all day without a single break. taking one step at a time.",English,negative,stress,-0.6
office ke baad bohot gussa aa raha hai dimag phat raha hai zaroor accha hoga,Hindi (Hinglish),negative,stress,-0.8
doston ke sath baat karke grocery kharid ke laya aur kaam kiya zaroor accha hoga,Hindi (Hinglish),neutral,neutral,0.0
office aypoyaka chala bagundi eeroju nenu thaluchukuntunna,Telugu (Tenglish),positive,joy,0.85
innu enikku thonni bhayangara deshyam varunnu kali aavunnu,Malayalam (Manglish),negative,stress,-0.75
weather normal ah cloudy ah irundhuchu manasula irukku,Tamil (Tanglish),neutral,neutral,0.0
kaalaila irundhe மனதில் இனம் புரியாத பயமும் பதற்றமும் நிறைந்துள்ளது.,Tamil,negative,anxiety,-0.55
starting lo eroju regular ga gadichindi routine pani kachithanga manchidi jaruguthundi,Telugu (Tenglish),neutral,neutral,0.0
"From the morning, down horrendous nobody cares about me fml moving forward regardless.",English,negative,sadness,-0.85
raathri aayappol kure pani koodi kidakkunnu thala vedhana edukkunnu valare pradhaanamaanu,Malayalam (Manglish),negative,stress,-0.6
office mudichutu night thookame varama bayama irukku mind full ah running romba mukkiyam,Tamil (Tanglish),negative,anxiety,-0.55
inniku enaku thonuchu night thookame varama bayama irukku mind full ah running kandippa nalladhu nadakkum,Tamil (Tanglish),negative,anxiety,-0.55
తెలుగులో మాట్లాడినప్పుడు చాలా అందంగా వినసొంపుగా ఉంది,Telugu,neutral,neutral,0.0
overall ga chusthe kallalo neellu aagadam ledu chala baadha manasulo undi,Telugu (Tenglish),negative,sadness,-0.85
udayam nunchi panulu anni okesari vachi chala pressure ga anipinchindi kani em chestham,Telugu (Tenglish),negative,stress,-0.65
"All things considered, a cat extremely angry and furious all over my shoes and clothes so annoying and exhausted as time goes by.",English,negative,stress,-0.75
బోచుగడివి.... నీవు తెలుసా అమిత్ షా కి.... గుండుగా,Telugu,negative,stress,-0.6
overall aayi nokkiyaal ഇന്ന് വളരെ ദുഃഖം നിറഞ്ഞ ദിവസമായിരുന്നു. ennalum enthu cheyyaan,Malayalam,negative,sadness,-0.75
asalu cheppalante groceries thechi dinner chesukuni padukunna ilaane saaguthundi,Telugu (Tenglish),neutral,neutral,0.0
"asalu cheppalante హృదయం ముక్కలైపోయినట్లు అనిపిస్తుంది, ఏమీ తోచడం లేదు. kani em chestham",Telugu,negative,sadness,-0.85
"Just realized that Celebrated a huge personal milestone today, ecstatic and grateful! moving forward regardless.",English,positive,joy,0.9
eeroju naaku anipinchindi groceries thechi dinner chesukuni padukunna nenu thaluchukuntunna,Telugu (Tenglish),neutral,neutral,0.0
friendsine kandappol ഇന്ന് വളരെ ദുഃഖം നിറഞ്ഞ ദിവസമായിരുന്നു. ennalum enthu cheyyaan,Malayalam,negative,sadness,-0.75
evaritho matladali anna bhayam vestondi nervous ga undi,Telugu (Tenglish),negative,anxiety,-0.5
sathyam paranjal നിശ്ശബ്ദമായ പ്രഭാതം മനസ്സിന് കുളിർമ നൽകി. valare pradhaanamaanu,Malayalam,positive,calm,0.65
family ke sath time spend kiya bohot khushi hui,Hindi (Hinglish),positive,joy,0.85
sathiyama solren semma gaand aagudhu romba kovam kandippa nalladhu nadakkum,Tamil (Tanglish),negative,stress,-0.8
sathyam paranjaal ജോലിയിലെ അമിത ജോലിഭാരം കാരണം തളർന്നുപോയി. manassilund,Malayalam,negative,stress,-0.65
friendsine kandappol enikku innu sankadamaanu valare vishamam ennalum enthu cheyyaan,Malayalam (Manglish),negative,sadness,-0.8
night padukune mundhu just regular daily note rastunnanu chala important,Telugu (Tenglish),neutral,neutral,0.0
sathiyama solren family kooda time spend panninen manasuku romba happy ennala mudiyala,Tamil (Tanglish),positive,joy,0.85
office aypoyaka naaku chaala bagundi super happy day kani em chestham,Telugu (Tenglish),positive,joy,0.85
inniku manasula periya sogam rona vandhudhu manasula irukku,Tamil (Tanglish),negative,sadness,-0.85
nijanga cheppalante naaku chala badhaga undi ilaane saaguthundi,Telugu (Tenglish),negative,sadness,-0.8
innu enikku thonni കൂട്ടുകാരോടൊപ്പം ചെലവഴിച്ച സമയം വളരെ ആനന്ദകരമായിരുന്നു. manassilund,Malayalam,positive,joy,0.9
sathyam paranjal deadline eppol theerkkum ennu orthu valare vishamam manassilund,Malayalam (Manglish),negative,stress,-0.55
subah se hi itne saare assignments ek sath aa gaye sir dard ho raha hai,Hindi (Hinglish),negative,stress,-0.6
such me bolu toh मुश्किल समय में भी उम्मीद की किरण दिखाई देती है। par kya hi kar sakte hai,Hindi,positive,hopeful,0.6
overall ah paatha project pass aayiduchu romba santhosham aana enna panna,Tamil (Tanglish),positive,joy,0.9
enikku innu onnum ishtamayilla manassu thakarnnu theerchayayum nallathu sambhavikkum,Malayalam (Manglish),negative,sadness,-0.75
"Honestly speaking, Everything feels sorrowful and difficult to endure. moving forward regardless.",English,negative,sadness,-0.8
Just realized that deadass exhausted and overstimulated right now keeping this in mind.,English,negative,stress,-0.7
"Right now, Celebrated a huge personal milestone today, ecstatic and grateful! moving forward regardless.",English,positive,joy,0.9
"joli kazhinju ഇന്ന് എനിക്ക് വളരെ സന്തോഷം തോന്നി, എല്ലാം നല്ല രീതിയിൽ നടന്നു. valare pradhaanamaanu",Malayalam,positive,joy,0.85
office ke baad chai pite huye shanti se baithe the bohot zaroori hai,Hindi (Hinglish),positive,calm,0.55
sogama iruken yaarum kooda illa romba mukkiyam,Tamil (Tanglish),negative,sadness,-0.8
"innu enikku thonni നല്ലൊരു പ്രതീക്ഷ മനസ്സിലുണ്ട്, കാര്യങ്ങൾ നന്നായി വരും.",Malayalam,positive,hopeful,0.55
kal ka din behtar hoga aisi aasha hai,Hindi (Hinglish),positive,hopeful,0.5
"Truth be told, feeling utterly devastated and heartbroken nobody cares about me my life is miserable and exhausting as time goes by.",English,negative,sadness,-0.85
"night time la Naan work complete panna try pannitu irundhen, but every time some new problem vandhuchu full energy poiduchu ennala mudiyala",Tamil (Tanglish),negative,stress,-0.7
sathyam paranjal മനസ്സിൽ വലിയ ആകുലതയും ഭയവും നിറഞ്ഞുനിൽക്കുന്നു.,Malayalam,negative,anxiety,-0.55
"starting la இன்று வேலை அழுத்தம் தாங்க முடியவில்லை, மிகவும் சிரமமாக உள்ளது. kandippa nalladhu nadakkum",Tamil,negative,stress,-0.65
joli kazhinju enthanu ivide sambhavikkunnathu ennu oru manassilavilla theerchayayum nallathu sambhavikkum,Malayalam (Manglish),negative,anxiety,-0.5
night time la enna panna poren nu theriyama thinaruren romba panic manasula irukku,Tamil (Tanglish),negative,anxiety,-0.6
overall dekha jaye toh ye ho kya rha h kuch samajh nahi aa raha aage dekhte hai,Hindi (Hinglish),negative,anxiety,-0.5
sathiyama solren oru maadhiri tension and anxiety ah irukku enaku ennala mudiyala,Tamil (Tanglish),negative,anxiety,-0.5
kaalaila irundhe naalaiku meeting schedule aagirukku 3 manikku ippadiye poitu irukku,Tamil (Tanglish),neutral,neutral,0.0
unmaiya sollanum na azhugaiya varudhu manasu romba valikudhu ippadiye poitu irukku,Tamil (Tanglish),negative,sadness,-0.85
unmaiya sollanum na starting la kashtam dhaan aana ippo nalla improve aagudhu,Tamil (Tanglish),mixed,hopeful,0.45
such me bolu toh weather normal hai thodi thand hai dil me chal raha hai,Hindi (Hinglish),neutral,neutral,0.0
"friends kooda pesumpodhu இன்று வேலை அழுத்தம் தாங்க முடியவில்லை, மிகவும் சிரமமாக உள்ளது. aana enna panna",Tamil,negative,stress,-0.65
starting lo భవిష్యత్తుపై గొప్ప ఆశ మరియు నమ్మకం ఉన్నాయి. kachithanga manchidi jaruguthundi,Telugu,positive,hopeful,0.6
"Sitting quietly right now, feeling furious, irritated and mad at everyone and that is how it feels.",English,negative,stress,-0.8
subah se hi aaj phir se rona aa gaya sab kuch chhoot gaya zaroor accha hoga,Hindi (Hinglish),negative,sadness,-0.85
sathyam paranjaal valare dukkham thonnunnu manassu thakarnnu poyi njan orkkunnu,Malayalam (Manglish),negative,sadness,-0.8
"Reflecting on today, Just writing a quick factual note for today. hoping for the best.",English,neutral,neutral,0.0
"aaj mujhe aisa laga ki आज ऑफिस में काम का बहुत दबाव था, सिर दर्द हो रहा है। par kya hi kar sakte hai",Hindi,negative,stress,-0.65
unmaiya sollanum na exam pathi nenachaale romba bayama irukku onnum padikala,Tamil (Tanglish),negative,anxiety,-0.6
"Truth be told, got ghosted and fumbled everything feels miserable hoping for the best.",English,negative,sadness,-0.8
udayam nunchi kallalo neellu aagadam ledu chala baadha kachithanga manchidi jaruguthundi,Telugu (Tenglish),negative,sadness,-0.85
lost control in extreme anger over this deceitful nonsense and frustration situation for fuck sake feeling extreme annoyance keeping this in mind.,English,negative,stress,-0.85
doston ke sath baat karke kal subah 10 baje meeting scheduled hai,Hindi (Hinglish),neutral,neutral,0.0
eeroju naaku anipinchindi groceries thechi dinner chesukuni padukunna chala important,Telugu (Tenglish),neutral,neutral,0.0
friendsine kandappol enikku innu onnum ishtamayilla manassu thakarnnu manassilund,Malayalam (Manglish),negative,sadness,-0.75
nijanga cheppalante groceries thechi dinner chesukuni padukunna manasulo undi,Telugu (Tenglish),neutral,neutral,0.0
doston ke sath baat karke grocery kharid ke laya aur kaam kiya par kya hi kar sakte hai,Hindi (Hinglish),neutral,neutral,0.0
office ke baad itne saare assignments ek sath aa gaye sir dard ho raha hai par kya hi kar sakte hai,Hindi (Hinglish),negative,stress,-0.6
"Reflecting on today, i was doing my thing and i feel happy very moving forward regardless.",English,positive,joy,0.85
starting la naalaiku meeting schedule aagirukku 3 manikku manasula irukku,Tamil (Tanglish),neutral,neutral,0.0
asalu cheppalante continuous meetings valla chala burnout aypoyanu nenu thaluchukuntunna,Telugu (Tenglish),negative,stress,-0.65
"kaalaila irundhe இன்று ஒரு சாதாரண நாள், வழக்கமான வேலைகள் முடிந்தன. ennala mudiyala",Tamil,neutral,neutral,0.0
"Overall feeling, Woke up with an intense wave of panic and unease. keeping this in mind.",English,negative,anxiety,-0.75
"eeroju naaku anipinchindi ఈ రోజు చాలా బాధగా మరియు ఒంటరిగా ఉంది, మనసంతా భారంగా ఉంది. nenu thaluchukuntunna",Telugu,negative,sadness,-0.8
"Truth be told, succeeded brilliantly with joy that presentation did something completely perfectly feeling greatest of all time and amazing taking one step at a time.",English,positive,joy,0.95
subah meditation kiya mind bilkul relaxed ho gaya par kya hi kar sakte hai,Hindi (Hinglish),positive,calm,0.65
starting lo భవిష్యత్తు గురించి ఆలోచిస్తుంటే చాలా భయం మరియు ఆందోళన వేస్తుంది. chala important,Telugu,negative,anxiety,-0.6
sathiyama solren routine velai ella mudinjidhu romba mukkiyam,Tamil (Tanglish),neutral,neutral,0.0
"udayam nunchi ఈ రోజు సాధారణంగా గడిచింది, రోజువారీ పనులు పూర్తయ్యాయి. chala important",Telugu,neutral,neutral,0.0
"Honestly speaking, Feeling so isolated and unvalued by people around me. trying to process it all.",English,negative,sadness,-0.7
raat ko sochte huye मुझे भविष्य को लेकर बहुत चिंता और घबराहट हो रही है। bohot zaroori hai,Hindi,negative,anxiety,-0.6
"From the morning, Exhausted from back to back meetings and relentless deadlines.",English,negative,stress,-0.65
innu enikku thonni kure issues undayirunnu ennalum nalla oru pratheeksha undu manassilund,Malayalam (Manglish),positive,hopeful,0.55
raat ko sochte huye bohot khush hu aaj doston ke sath maza aaya zaroor accha hoga,Hindi (Hinglish),positive,joy,0.85
raathri aayappol manassil oru nalla aashanka undu overthinking ennalum enthu cheyyaan,Malayalam (Manglish),negative,anxiety,-0.45
raat ko sochte huye मुश्किल समय में भी उम्मीद की किरण दिखाई देती है। bohot zaroori hai,Hindi,positive,hopeful,0.6
eeroju naaku anipinchindi results ela vasthayo ani chala tension paduthunna manasulo undi,Telugu (Tenglish),negative,anxiety,-0.55
naaku chala badha ga undi kani em chestham,Telugu (Tenglish),negative,sadness,-0.8
such me bolu toh kal ka din behtar hoga aisi aasha hai zaroor accha hoga,Hindi (Hinglish),positive,hopeful,0.5
inniku enaku thonuchu naalaiku meeting schedule aagirukku 3 manikku romba mukkiyam,Tamil (Tanglish),neutral,neutral,0.0
kaalaila irundhe romba kovama irukku manasula romba mukkiyam,Tamil (Tanglish),negative,stress,-0.8
"doston ke sath baat karke आज का दिन बहुत शानदार रहा, परिवार के साथ बहुत खुशी मिली।",Hindi,positive,joy,0.85
"To be honest, slayed that presentation left no crumbs feeling goated just putting thoughts into words.",English,positive,joy,0.95
friends kooda pesumpodhu inniki romba sogama iruku ippadiye poitu irukku,Tamil (Tanglish),negative,sadness,-0.8
ఇటువంటి ప్రశ్నలు మీరు అడగడానికి మీకు సిగ్గుండాలి.,Telugu,negative,stress,-0.6
"friends kooda pesumpodhu மனதில் பெரும் சோகமும் வலியும் உள்ளது, தனிமையாக உணர்கிறேன். romba mukkiyam",Tamil,negative,sadness,-0.8
"sathyam paranjal നല്ലൊരു പ്രതീക്ഷ മനസ്സിലുണ്ട്, കാര്യങ്ങൾ നന്നായി വരും. njan orkkunnu",Malayalam,positive,hopeful,0.55
"Lately, i am so angry and pissed off today as time goes by.",English,negative,stress,-0.85
night time la Inniku romba frustrating ah irundhuchu work mudiyala full energy poiduchu romba mukkiyam,Tamil (Tanglish),negative,stress,-0.7
kaalaila irundhe friends kooda outing poitu vandhom semma enjoy pannom aana enna panna,Tamil (Tanglish),positive,joy,0.8
innu enikku thonni adipoli divasam aayirunnu full polichu,Malayalam (Manglish),positive,joy,0.85
starting la இயற்கையின் மடியில் அமைதியான மற்றும் தெளிவான தருணம். aana enna panna,Tamil,positive,calm,0.65
"നല്ലൊരു പ്രതീക്ഷ മനസ്സിലുണ്ട്, കാര്യങ്ങൾ നന്നായി വരും. manassilund",Malayalam,positive,hopeful,0.55
raathri aayappol innu joliyil bhayangara stress aayirunnu ottum samayam kittiyilla,Malayalam (Manglish),negative,stress,-0.65
office aypoyaka భవిష్యత్తు గురించి ఆలోచిస్తుంటే చాలా భయం మరియు ఆందోళన వేస్తుంది. kachithanga manchidi jaruguthundi,Telugu,negative,anxiety,-0.6
night padukune mundhu naaku chala badhaga undi kani em chestham,Telugu (Tenglish),negative,sadness,-0.8
nijanga cheppalante naaku ee roju em nachaledhu manasu antha baram ga undi,Telugu (Tenglish),negative,sadness,-0.8
ravile muthal aarum koode illa ottakkaya pole thonnunnu valare pradhaanamaanu,Malayalam (Manglish),negative,sadness,-0.7
"Overall feeling, Gentle rain outside, feeling tranquil and centered. just putting thoughts into words.",English,positive,calm,0.65
overall dekha jaye toh family ke sath time spend kiya bohot khushi hui zaroor accha hoga,Hindi (Hinglish),positive,joy,0.85
"office mudichutu Naan work complete panna try pannitu irundhen, but every time some new problem vandhuchu full energy poiduchu",Tamil (Tanglish),negative,stress,-0.7
such me bolu toh aaj ka din bas normal raha koi khaas baat nahi aage dekhte hai,Hindi (Hinglish),neutral,neutral,0.0
sathiyama solren chai kudichutu peaceful ah book padichen ennala mudiyala,Tamil (Tanglish),positive,calm,0.6
"ఫ్యాక్షన్ ప్రక్కన పెట్టి ,ప్రజల్లో గుండెల్లో ఉన్నారు సర్",Telugu,neutral,neutral,0.0
unmaiya sollanum na அதிகப்படியான வேலைப்பளு காரணமாக தலைவலியும் சோர்வும் ஏற்பட்டுள்ளது. ennala mudiyala,Tamil,negative,stress,-0.6
such bolu toh aaj bohot udas hu aage dekhte hai,Hindi (Hinglish),negative,sadness,-0.8
udayam nunchi eeroju naaku chala baadha ga undi chala important,Telugu (Tenglish),negative,sadness,-0.8
office mudichutu மனதில் இனம் புரியாத பயமும் பதற்றமும் நிறைந்துள்ளது. kandippa nalladhu nadakkum,Tamil,negative,anxiety,-0.55
overall ga chusthe emi jaruguthundo asalu ardam kavatledu chala tension nenu thaluchukuntunna,Telugu (Tenglish),negative,anxiety,-0.55
friends tho matladinapudu నాడీ కొట్టుకోవడం ఎక్కువై చాలా ఆందోళనగా ఉంది. kani em chestham,Telugu,negative,anxiety,-0.65
innu enikku thonni innu valare sankadam thonnunnu manassilund,Malayalam (Manglish),negative,sadness,-0.8
"To be honest, acting extremely anxious and panic stricken over these deadlines so nervous and stressed keeping this in mind.",English,negative,anxiety,-0.65
"sathiyama solren இன்று வேலை அழுத்தம் தாங்க முடியவில்லை, மிகவும் சிரமமாக உள்ளது. romba mukkiyam",Tamil,negative,stress,-0.65
nijanga cheppalante naaku chala bagundi chala important,Telugu (Tenglish),positive,joy,0.85
friends tho matladinapudu naaku chala badhaga undi kani em chestham,Telugu (Tenglish),negative,sadness,-0.8
friendsine kandappol ithu maarum ennu vishwasam undu future nannavum,Malayalam (Manglish),positive,hopeful,0.6
eeroju naaku anipinchindi just regular daily note rastunnanu kachithanga manchidi jaruguthundi,Telugu (Tenglish),neutral,neutral,0.0
అనుకున్న విజయం సాధించినందుకు ఎంతో ఆనందంగా ఉంది. kachithanga manchidi jaruguthundi,Telugu,positive,joy,0.9
unmaiya sollanum na inniku semma happy ah irukku outing ponen full fun ippadiye poitu irukku,Tamil (Tanglish),positive,joy,0.85
night padukune mundhu chala kopam vasthondi naaku andhari meeda nenu thaluchukuntunna,Telugu (Tenglish),negative,stress,-0.8
raat ko sochte huye weather normal hai thodi thand hai par kya hi kar sakte hai,Hindi (Hinglish),neutral,neutral,0.0
raat ko sochte huye results ka soch kar ghabrahat ho rahi hai neend nahi aa rahi bohot zaroori hai,Hindi (Hinglish),negative,anxiety,-0.55
night time la தேர்வு முடிவுகளை நினைத்தால் மிகவும் பயமாக உள்ளது. ennala mudiyala,Tamil,negative,anxiety,-0.6
asalu cheppalante సరుకులు కొని రాత్రి భోజనం పూర్తి చేశాను. kani em chestham,Telugu,neutral,neutral,0.0
overall ga chusthe ప్రకృతి మధ్యలో ప్రశాంతమైన క్షణాలు గడిపాను. kani em chestham,Telugu,positive,calm,0.65
inniki romba sogama iruku kandippa nalladhu nadakkum,Tamil (Tanglish),negative,sadness,-0.8
"aaj mujhe aisa laga ki मन में बहुत बेचैनी है, समझ नहीं आ रहा क्या करूं। zaroor accha hoga",Hindi,negative,anxiety,-0.5
morning walk chesaka mind chala fresh ga calm ga undi chala important,Telugu (Tenglish),positive,calm,0.65
friends tho matladinapudu eroju chala bagundi chala santhosham ga unnanu kani em chestham,Telugu (Tenglish),positive,joy,0.8
asalu cheppalante pichi lesthondi chala kopam ga undi chala important,Telugu (Tenglish),negative,stress,-0.8
weather normal hai thodi thand hai,Hindi (Hinglish),neutral,neutral,0.0
Osey laanjaa nethulapave,Telugu,negative,stress,-0.6
overall ga chusthe naaku chala badhaga undi chala important,Telugu (Tenglish),negative,sadness,-0.8
starting la oru maadhiri tension and anxiety ah irukku enaku,Tamil (Tanglish),negative,anxiety,-0.5
sathyam paranjal kudumbathodu koode nalla santhosha nimisham aayirunnu,Malayalam (Manglish),positive,joy,0.8
office aypoyaka family tho kalisi chala happy time spend chesamu kachithanga manchidi jaruguthundi,Telugu (Tenglish),positive,joy,0.85
"Reflecting on today, Celebrated a huge personal milestone today, ecstatic and grateful!",English,positive,joy,0.9
inniku enaku thonuchu enaku inniki edhume pudikala romba kashtama irukku,Tamil (Tanglish),negative,sadness,-0.75
friends tho matladinapudu family tho kalisi chala happy time spend chesamu kani em chestham,Telugu (Tenglish),positive,joy,0.85
"At the end of the day, i am cooked bro everything is falling apart keeping this in mind.",English,negative,stress,-0.75
office ke baad ye ho kya rha h kuch samajh nahi aa raha zaroor accha hoga,Hindi (Hinglish),negative,anxiety,-0.5
"raat ko sochte huye आज का दिन बहुत शानदार रहा, परिवार के साथ बहुत खुशी मिली। aage dekhte hai",Hindi,positive,joy,0.85
doston ke sath baat karke weather normal hai thodi thand hai dil me chal raha hai,Hindi (Hinglish),neutral,neutral,0.0
asalu cheppalante chala kopam vasthondi naaku andhari meeda nenu thaluchukuntunna,Telugu (Tenglish),negative,stress,-0.8
"Reflecting on today, Smiled all day long, surrounded by love and warmth.",English,positive,joy,0.85
inniku enaku thonuchu konjam tough time dhaan aana kandippa nalla mudiyum nambikai irukku manasula irukku,Tamil (Tanglish),positive,hopeful,0.55
"ഇന്ന് ഒരു സാധാരണ ദിവസമായിരുന്നു, വലിയ വിശേഷങ്ങളൊന്നുമില്ല.",Malayalam,neutral,neutral,0.0
night time la sogama iruken yaarum kooda illa aana enna panna,Tamil (Tanglish),negative,sadness,-0.8
aarambathil naale meeting undu athinte kaaryangal nokki valare pradhaanamaanu,Malayalam (Manglish),neutral,neutral,0.0
friends kooda pesumpodhu semma gaand aagudhu romba kovam,Tamil (Tanglish),negative,stress,-0.8
office ke baad dimag bilkul kharab ho chuka hai itni tension me,Hindi (Hinglish),negative,stress,-0.7
മനസ്സിന് നല്ലൊരു ശാന്തിയും സമാധാനവും അനുഭവപ്പെടുന്നു. ennalum enthu cheyyaan,Malayalam,positive,calm,0.6
eeroju naaku anipinchindi emi jaruguthundo asalu ardam kavatledu chala tension kani em chestham,Telugu (Tenglish),negative,anxiety,-0.55
future gurinchi chala bhayam ga undi emi cheyalo telidu,Telugu (Tenglish),negative,anxiety,-0.6
eeroju naaku anipinchindi naaku chaala bagundi,Telugu (Tenglish),positive,joy,0.85
"friends kooda pesumpodhu இன்று எதிலும் மனம் ஈடுபடவில்லை, அழுகையாக வருகிறது. ippadiye poitu irukku",Tamil,negative,sadness,-0.75
aaj mujhe aisa laga ki chai pite huye shanti se baithe the bohot zaroori hai,Hindi (Hinglish),positive,calm,0.55
innu manassil valare vishamam aayirunnu kannuneer vannu manassilund,Malayalam (Manglish),negative,sadness,-0.85
aarambathil നാളെ എന്ത് സംഭവിക്കും എന്നോർത്ത് വലിയ പേടിയാണ്. ennalum enthu cheyyaan,Malayalam,negative,anxiety,-0.6
joli kazhinju മനസ്സിന് നല്ലൊരു ശാന്തിയും സമാധാനവും അനുഭവപ്പെടുന്നു. ennalum enthu cheyyaan,Malayalam,positive,calm,0.6
subah se hi subah meditation kiya mind bilkul relaxed ho gaya zaroor accha hoga,Hindi (Hinglish),positive,calm,0.65
Deep sense of emptiness and gloom lingering today. trying to process it all.,English,negative,sadness,-0.75
unmaiya sollanum na sema jolly ah irundhuchu vera level day kandippa nalladhu nadakkum,Tamil (Tanglish),positive,joy,0.85
joli kazhinju ravile meditation cheythu mind fresh aayi njan orkkunnu,Malayalam (Manglish),positive,calm,0.65
innu valare frustrating aayirunnu pani theerkaan pattiyilla full energy theernnu valare pradhaanamaanu,Malayalam (Manglish),negative,stress,-0.7
such me bolu toh bohot gussa aa raha hai dimag phat raha hai zaroor accha hoga,Hindi (Hinglish),negative,stress,-0.8
such bolu toh deadlines meet nahi ho pa rahi manager pressure daal raha hai aage dekhte hai,Hindi (Hinglish),negative,stress,-0.65
Just realized that i feel happy af today and that is how it feels.,English,positive,joy,0.85
manasuki chala shanti ga anipinchindi silent evening kachithanga manchidi jaruguthundi,Telugu (Tenglish),positive,calm,0.55
friendsine kandappol full day busy aayirunnu thalarnnu poyi valare pradhaanamaanu,Malayalam (Manglish),negative,stress,-0.6
"night time la இன்று ஒரு சாதாரண நாள், வழக்கமான வேலைகள் முடிந்தன.",Tamil,neutral,neutral,0.0
"subah se hi आज का दिन सामान्य रहा, कोई खास बात नहीं हुई। aage dekhte hai",Hindi,neutral,neutral,0.0
subah meditation kiya mind bilkul relaxed ho gaya,Hindi (Hinglish),positive,calm,0.65
such bolu toh dimag bilkul kharab ho chuka hai itni tension me,Hindi (Hinglish),negative,stress,-0.7
starting la இன்று மனம் மிகவும் அமைதியாகவும் நிம்மதியாகவும் உள்ளது. kandippa nalladhu nadakkum,Tamil,positive,calm,0.6
friends kooda pesumpodhu starting la kashtam dhaan aana ippo nalla improve aagudhu aana enna panna,Tamil (Tanglish),mixed,hopeful,0.45
overall dekha jaye toh aaj mood bahut kharab hai dil bohot dukhi hai aage dekhte hai,Hindi (Hinglish),negative,sadness,-0.75
aaj mujhe aisa laga ki mujhe future ko lekar bahut anxiety aur tension ho rahi hai dil me chal raha hai,Hindi (Hinglish),negative,anxiety,-0.6
kaalaila irundhe manasu amaidhiyaaga irukku oru tension um illa kandippa nalladhu nadakkum,Tamil (Tanglish),positive,calm,0.55
"overall dekha jaye toh आज मन में बहुत शांति और सुकून है, कोई हड़बड़ी नहीं। aage dekhte hai",Hindi,positive,calm,0.6
sathyam paranjal manassil oru nalla aashanka undu overthinking njan orkkunnu,Malayalam (Manglish),negative,anxiety,-0.45
such bolu toh aaj ka din bas normal raha koi khaas baat nahi aage dekhte hai,Hindi (Hinglish),neutral,neutral,0.0
unmaiya sollanum na enakku edhuvum pudikkala manasu full ah valikudhu aana enna panna,Tamil (Tanglish),negative,sadness,-0.8
overall ah paatha enaku inniki sogam aa iruku aana enna panna,Tamil (Tanglish),negative,sadness,-0.8
Just realized that completely serious and honest exhausted and overwhelmed by chaotic sensory stress right now,English,negative,stress,-0.7
friendsine kandappol valare dukkham thonnunnu manassu thakarnnu poyi ennalum enthu cheyyaan,Malayalam (Manglish),negative,sadness,-0.8
asalu cheppalante nammakam undi anni set aypothai chala important,Telugu (Tenglish),positive,hopeful,0.5
Just realized that i feel happy af today as time goes by.,English,positive,joy,0.85
office aypoyaka eeroju naaku chala baadha ga undi ilaane saaguthundi,Telugu (Tenglish),negative,sadness,-0.8
office ke baad mushkil waqt hai par umeed ki kiran hamesha rehti hai,Hindi (Hinglish),positive,hopeful,0.6
such bolu toh bohot khush hu aaj doston ke sath maza aaya zaroor accha hoga,Hindi (Hinglish),positive,joy,0.85
sogama iruken yaarum kooda illa kandippa nalladhu nadakkum,Tamil (Tanglish),negative,sadness,-0.8
இன்று மனம் மிகவும் அமைதியாகவும் நிம்மதியாகவும் உள்ளது. aana enna panna,Tamil,positive,calm,0.6
such bolu toh aaj ka din bas normal raha koi khaas baat nahi par kya hi kar sakte hai,Hindi (Hinglish),neutral,neutral,0.0
"To be honest, Overloaded with work and feel utterly stressed and fatigued. as time goes by.",English,negative,stress,-0.65
bohot khush hu aaj doston ke sath maza aaya dil me chal raha hai,Hindi (Hinglish),positive,joy,0.85
innu enikku thonni full day busy aayirunnu thalarnnu poyi ennalum enthu cheyyaan,Malayalam (Manglish),negative,stress,-0.6
"Overall feeling, Today was so frustrating trying to complete work but ran into non stop problems and energy is completely drained trying to process it all.",English,negative,stress,-0.75
joli kazhinju നിശ്ശബ്ദമായ പ്രഭാതം മനസ്സിന് കുളിർമ നൽകി. theerchayayum nallathu sambhavikkum,Malayalam,positive,calm,0.65
overall dekha jaye toh aaj bohot udas hu aage dekhte hai,Hindi (Hinglish),negative,sadness,-0.8
udayam nunchi future gurinchi chala bhayam ga undi emi cheyalo telidu nenu thaluchukuntunna,Telugu (Tenglish),negative,anxiety,-0.6
sathiyama solren family kooda time spend panninen manasuku romba happy kandippa nalladhu nadakkum,Tamil (Tanglish),positive,joy,0.85
overall aayi nokkiyaal nalla oru shanthamaya divasam aayirunnu ashwasam thonnunnu njan orkkunnu,Malayalam (Manglish),positive,calm,0.6
joli kazhinju പ്രതിസന്ധികൾക്കിടയിലും പുതിയൊരു പ്രത്യാശ തോന്നുന്നു. ennalum enthu cheyyaan,Malayalam,positive,hopeful,0.6
mushkil waqt hai par umeed ki kiran hamesha rehti hai,Hindi (Hinglish),positive,hopeful,0.6
"starting la இன்று வேலை அழுத்தம் தாங்க முடியவில்லை, மிகவும் சிரமமாக உள்ளது. romba mukkiyam",Tamil,negative,stress,-0.65
thoda time lagega par sab theek ho jayega mujhe pura bharosa hai bohot zaroori hai,Hindi (Hinglish),positive,hopeful,0.55
Exhausted from back to back meetings and relentless deadlines. just putting thoughts into words.,English,negative,stress,-0.65
inniku enaku thonuchu starting la kashtam dhaan aana ippo nalla improve aagudhu kandippa nalladhu nadakkum,Tamil (Tanglish),mixed,hopeful,0.45
eeroju naaku anipinchindi starting lo kastam ga anipinchindi kani ipudu baga improve ayyindi,Telugu (Tenglish),mixed,hopeful,0.45
unmaiya sollanum na friends kooda outing poitu vandhom semma enjoy pannom manasula irukku,Tamil (Tanglish),positive,joy,0.8
ravile muthal aarum koode illa ottakkaya pole thonnunnu manassilund,Malayalam (Manglish),negative,sadness,-0.7
eeroju naaku anipinchindi eroju normal ga gadichindi peddaga em ledu ilaane saaguthundi,Telugu (Tenglish),neutral,neutral,0.0
kaalaila irundhe kovam varudhu ellarum mela tension aaguthu romba mukkiyam,Tamil (Tanglish),negative,stress,-0.8
sathyam paranjal exam orthu manassil aakulam thonnikunnu night sleep illa theerchayayum nallathu sambhavikkum,Malayalam (Manglish),negative,anxiety,-0.55
friends tho matladinapudu just regular daily note rastunnanu ilaane saaguthundi,Telugu (Tenglish),neutral,neutral,0.0
"shuruat me आज ऑफिस में काम का बहुत दबाव था, सिर दर्द हो रहा है। zaroor accha hoga",Hindi,negative,stress,-0.65
"office aypoyaka ఈ రోజు సాధారణంగా గడిచింది, రోజువారీ పనులు పూర్తయ్యాయి. kani em chestham",Telugu,neutral,neutral,0.0
"Honestly speaking, a cat pissed all over my shoes and clothes so annoying and exhausted trying to process it all.",English,negative,stress,-0.75
mushkil waqt hai par umeed ki kiran hamesha rehti hai bohot zaroori hai,Hindi (Hinglish),positive,hopeful,0.6
doston ke sath baat karke aaj man me bohot sukoon aur shanti mehsoos ho rahi hai par kya hi kar sakte hai,Hindi (Hinglish),positive,calm,0.6
"Truth be told, we are so back huge victory and celebration celebration today",English,positive,joy,0.9
Nuv thop Raju anna Prabhu తర్వాత నువే,Telugu,neutral,neutral,0.0
innu enikku thonni manassil valare aashwasam thonnunnu silent day ennalum enthu cheyyaan,Malayalam (Manglish),positive,calm,0.55
"office aypoyaka ఆఫీసులో పని ఒత్తిడి చాలా ఎక్కువగా ఉంది, నిద్ర కూడా పట్టడం లేదు. manasulo undi",Telugu,negative,stress,-0.7
inniku enaku thonuchu beach la silent ah kaathula ukaandhen romba amaidhi kandippa nalladhu nadakkum,Tamil (Tanglish),positive,calm,0.65
"To be honest, Woke up with an intense wave of panic and unease.",English,negative,anxiety,-0.75
udayam nunchi kallalo neellu aagadam ledu chala baadha nenu thaluchukuntunna,Telugu (Tenglish),negative,sadness,-0.85
night time la konjam tough time dhaan aana kandippa nalla mudiyum nambikai irukku romba mukkiyam,Tamil (Tanglish),positive,hopeful,0.55
"To be honest, mewing in silence enjoying pure peace and solitude trying to process it all.",English,positive,calm,0.6
shuruat me thoda time lagega par sab theek ho jayega mujhe pura bharosa hai zaroor accha hoga,Hindi (Hinglish),positive,hopeful,0.55
starting lo naaku chala bagundi chala important,Telugu (Tenglish),positive,joy,0.85
chala badhaga undi manasu antha dukham tho nindi poyindi chala important,Telugu (Tenglish),negative,sadness,-0.75
Anna meeru chesepanulaki matallev anna,Telugu,neutral,neutral,0.0
night time la grocery vaangitu vandhu dinner saaptom kandippa nalladhu nadakkum,Tamil (Tanglish),neutral,neutral,0.0
overall dekha jaye toh mujhe future ko lekar bahut anxiety aur tension ho rahi hai,Hindi (Hinglish),negative,anxiety,-0.6
shuruat me aaj phir se rona aa gaya sab kuch chhoot gaya dil me chal raha hai,Hindi (Hinglish),negative,sadness,-0.85
office mudichutu கடினமான சூழலிலும் ஒரு நல்ல நம்பிக்கை மனதில் பிறக்கிறது.,Tamil,positive,hopeful,0.55
overall aayi nokkiyaal കൂട്ടുകാരോടൊപ്പം ചെലവഴിച്ച സമയം വളരെ ആനന്ദകരമായിരുന്നു. njan orkkunnu,Malayalam,positive,joy,0.9
udayam nunchi అనుకున్న విజయం సాధించినందుకు ఎంతో ఆనందంగా ఉంది. kani em chestham,Telugu,positive,joy,0.9
aaj mujhe aisa laga ki aaj bohot frustrating din tha kaam karte karte full energy khatam ho gayi,Hindi (Hinglish),negative,stress,-0.75
office mudichutu enaku inniki sogam aa iruku romba mukkiyam,Tamil (Tanglish),negative,sadness,-0.8
raat ko sochte huye itne saare assignments ek sath aa gaye sir dard ho raha hai bohot zaroori hai,Hindi (Hinglish),negative,stress,-0.6
raat ko sochte huye मुश्किल समय में भी उम्मीद की किरण दिखाई देती है। zaroor accha hoga,Hindi,positive,hopeful,0.6
భవిష్యత్తుపై గొప్ప ఆశ మరియు నమ్మకం ఉన్నాయి.,Telugu,positive,hopeful,0.6
"subah se hi आज मन में बहुत शांति और सुकून है, कोई हड़बड़ी नहीं। dil me chal raha hai",Hindi,positive,calm,0.6
shuruat me aaj ka din bas normal raha koi khaas baat nahi bohot zaroori hai,Hindi (Hinglish),neutral,neutral,0.0
oru maadhiri tension and anxiety ah irukku enaku aana enna panna,Tamil (Tanglish),negative,anxiety,-0.5
starting lo results ela vasthayo ani chala tension paduthunna,Telugu (Tenglish),negative,anxiety,-0.55
doston ke sath baat karke subah meditation kiya mind bilkul relaxed ho gaya zaroor accha hoga,Hindi (Hinglish),positive,calm,0.65
kaalaila irundhe nimmathiya irukku manasu romba relaxed kandippa nalladhu nadakkum,Tamil (Tanglish),positive,calm,0.65
Full day busy ah irundhu romba exhausted aayiten,Tamil (Tanglish),negative,stress,-0.55
friends tho matladinapudu eeroju manasulo chala prashantham ga undi shanti ga unnanu kani em chestham,Telugu (Tenglish),positive,calm,0.6
friends kooda pesumpodhu enaku inniki sogam aa iruku kandippa nalladhu nadakkum,Tamil (Tanglish),negative,sadness,-0.8
i feel happy very today taking one step at a time.,English,positive,joy,0.85
such me bolu toh itne saare assignments ek sath aa gaye sir dard ho raha hai zaroor accha hoga,Hindi (Hinglish),negative,stress,-0.6
joli kazhinju innu valare sankadam thonnunnu theerchayayum nallathu sambhavikkum,Malayalam (Manglish),negative,sadness,-0.8
eeroju naaku anipinchindi just regular daily note rastunnanu nenu thaluchukuntunna,Telugu (Tenglish),neutral,neutral,0.0
"Overall feeling, blah blah blah nothing much to report just testing moving forward regardless.",English,neutral,neutral,0.0
"Truth be told, Bought groceries, in serious distress and trouble dinner, and organized my desk. moving forward regardless.",English,neutral,neutral,0.0
sathyam paranjaal സാധനങ്ങൾ വാങ്ങി വീട്ടിലെത്തി ഭക്ഷണം കഴിച്ചു. valare pradhaanamaanu,Malayalam,neutral,neutral,0.0
office ke baad thoda time lagega par sab theek ho jayega mujhe pura bharosa hai aage dekhte hai,Hindi (Hinglish),positive,hopeful,0.55
"Looking back at the day, slayed that presentation left no crumbs feeling goated just putting thoughts into words.",English,positive,joy,0.95
office ke baad bohot gussa aa raha hai dimag phat raha hai aage dekhte hai,Hindi (Hinglish),negative,stress,-0.8
overall aayi nokkiyaal innu valare sankadam thonnunnu ennalum enthu cheyyaan,Malayalam (Manglish),negative,sadness,-0.8
"All things considered, crashed out over this bullshit situation ffs taking one step at a time.",English,negative,stress,-0.85
"such me bolu toh मन में बहुत उदासी और अकेलापन है, रोना आ रहा है। bohot zaroori hai",Hindi,negative,sadness,-0.8
unmaiya sollanum na varuthama irukku romba alone ah feel panren ennala mudiyala,Tamil (Tanglish),negative,sadness,-0.75
friends tho matladinapudu chala bagundi eeroju chala important,Telugu (Tenglish),positive,joy,0.85
innu enikku thonni aarum koode illa ottakkaya pole thonnunnu manassilund,Malayalam (Manglish),negative,sadness,-0.7
sathyam paranjal ഇന്ന് വളരെ ദുഃഖം നിറഞ്ഞ ദിവസമായിരുന്നു. ennalum enthu cheyyaan,Malayalam,negative,sadness,-0.75
"udayam nunchi ఈ రోజు సాధారణంగా గడిచింది, రోజువారీ పనులు పూర్తయ్యాయి.",Telugu,neutral,neutral,0.0
raat ko sochte huye aaj mood bahut kharab hai dil bohot dukhi hai,Hindi (Hinglish),negative,sadness,-0.75
joli kazhinju enikku innu onnum ishtamayilla manassu thakarnnu valare pradhaanamaanu,Malayalam (Manglish),negative,sadness,-0.75
nammakam undi anni set aypothai kani em chestham,Telugu (Tenglish),positive,hopeful,0.5
starting la oru maadhiri tension and anxiety ah irukku enaku kandippa nalladhu nadakkum,Tamil (Tanglish),negative,anxiety,-0.5
sathiyama solren Project delivery pressure thanga mudiyala semma tiredness,Tamil (Tanglish),negative,stress,-0.65
innathe divasam valare nallathayirunnu santhosham thonni theerchayayum nallathu sambhavikkum,Malayalam (Manglish),positive,joy,0.8
subah se hi aaj bohot udas hu par kya hi kar sakte hai,Hindi (Hinglish),negative,sadness,-0.8
overall aayi nokkiyaal innu manassil valare vishamam aayirunnu kannuneer vannu theerchayayum nallathu sambhavikkum,Malayalam (Manglish),negative,sadness,-0.85
subah se hi aaj phir se rona aa gaya sab kuch chhoot gaya aage dekhte hai,Hindi (Hinglish),negative,sadness,-0.85
sathiyama solren semma gaand aagudhu romba kovam ennala mudiyala,Tamil (Tanglish),negative,stress,-0.8
raathri aayappol kure pani koodi kidakkunnu thala vedhana edukkunnu theerchayayum nallathu sambhavikkum,Malayalam (Manglish),negative,stress,-0.6
office aypoyaka eroju chala bagundi chala santhosham ga unnanu ilaane saaguthundi,Telugu (Tenglish),positive,joy,0.8
aarambathil innu valare sankadam thonnunnu,Malayalam (Manglish),negative,sadness,-0.8
"At the end of the day, Had an amazing celebration with family and close friends. taking one step at a time.",English,positive,joy,0.85
raat ko sochte huye aaj phir se rona aa gaya sab kuch chhoot gaya,Hindi (Hinglish),negative,sadness,-0.85
manassil valare aashwasam thonnunnu silent day valare pradhaanamaanu,Malayalam (Manglish),positive,calm,0.55
joli kazhinju just casual note ezhuthukayanu ennalum enthu cheyyaan,Malayalam (Manglish),neutral,neutral,0.0
Nee matalaki evaraina fidaa avutharu mawa,Telugu,neutral,neutral,0.0
"இன்று எதிலும் மனம் ஈடுபடவில்லை, அழுகையாக வருகிறது. romba mukkiyam",Tamil,negative,sadness,-0.75
asalu cheppalante naaku chala badhaga undi kani em chestham,Telugu (Tenglish),negative,sadness,-0.8
such bolu toh dimag bilkul kharab ho chuka hai itni tension me bohot zaroori hai,Hindi (Hinglish),negative,stress,-0.7
sathiyama solren weather normal ah cloudy ah irundhuchu aana enna panna,Tamil (Tanglish),neutral,neutral,0.0
joli kazhinju സാധനങ്ങൾ വാങ്ങി വീട്ടിലെത്തി ഭക്ഷണം കഴിച്ചു. manassilund,Malayalam,neutral,neutral,0.0
"Overall feeling, crying quietly because everything is so shitty hoping for the best.",English,negative,sadness,-0.8
sema jolly ah irundhuchu vera level day ippadiye poitu irukku,Tamil (Tanglish),positive,joy,0.85
interview mundhu chala panic ayyanu heartbeat fast ga undi manasulo undi,Telugu (Tenglish),negative,anxiety,-0.6
joli kazhinju ithu maarum ennu vishwasam undu future nannavum ennalum enthu cheyyaan,Malayalam (Manglish),positive,hopeful,0.6
aaj mujhe aisa laga ki aaj ka din bas normal raha koi khaas baat nahi aage dekhte hai,Hindi (Hinglish),neutral,neutral,0.0
innu enikku thonni ഇന്ന് വളരെ ദുഃഖം നിറഞ്ഞ ദിവസമായിരുന്നു. njan orkkunnu,Malayalam,negative,sadness,-0.75
udayam nunchi ఈ రోజు మనసు చాలా ప్రశాంతంగా మరియు నిశ్శబ్దంగా ఉంది. nenu thaluchukuntunna,Telugu,positive,calm,0.6
"raat ko sochte huye मन में बहुत बेचैनी है, समझ नहीं आ रहा क्या करूं।",Hindi,negative,anxiety,-0.5
"office ke baad मन में बहुत उदासी और अकेलापन है, रोना आ रहा है। bohot zaroori hai",Hindi,negative,sadness,-0.8
aarambathil enikku innu sankadamaanu valare vishamam ennalum enthu cheyyaan,Malayalam (Manglish),negative,sadness,-0.8
night time la beach la silent ah kaathula ukaandhen romba amaidhi kandippa nalladhu nadakkum,Tamil (Tanglish),positive,calm,0.65
shuruat me aaj ka din bohot accha raha celebration hua bohot zaroori hai,Hindi (Hinglish),positive,joy,0.8
inniku enaku thonuchu inniku office la work load romba athigam mudiyala thala vali kandippa nalladhu nadakkum,Tamil (Tanglish),negative,stress,-0.65
night padukune mundhu ontariga anipistondi andharu dooram aypoyaru chala important,Telugu (Tenglish),negative,sadness,-0.7
సూపర్ వుంది... ఫిజిక్,Telugu,positive,joy,0.65
office mudichutu தேர்வு முடிவுகளை நினைத்தால் மிகவும் பயமாக உள்ளது. manasula irukku,Tamil,negative,anxiety,-0.6
starting lo panulu anni okesari vachi chala pressure ga anipinchindi manasulo undi,Telugu (Tenglish),negative,stress,-0.65
aaj mujhe aisa laga ki dil me ajeeb si bechaini aur ghabrahat ho rahi hai zaroor accha hoga,Hindi (Hinglish),negative,anxiety,-0.55
joli kazhinju manassil oru nalla aashanka undu overthinking,Malayalam (Manglish),negative,anxiety,-0.45
inniku enaku thonuchu மனதில் இனம் புரியாத பயமும் பதற்றமும் நிறைந்துள்ளது. manasula irukku,Tamil,negative,anxiety,-0.55
night padukune mundhu ఈ రోజు నాకు చాలా సంతోషంగా మరియు ఉల్లాసంగా ఉంది. ilaane saaguthundi,Telugu,positive,joy,0.85
weekend nalla relax panni meditate panninen manasu nimmathi romba mukkiyam,Tamil (Tanglish),positive,calm,0.6
"Overall feeling, My chest feels tight and I cannot stop overthinking every little detail. moving forward regardless.",English,negative,anxiety,-0.7
shuruat me mujhe bhavishya ko lekar bohot chinta hai aage dekhte hai,Hindi (Hinglish),negative,anxiety,-0.6
konjam tough time dhaan aana kandippa nalla mudiyum nambikai irukku aana enna panna,Tamil (Tanglish),positive,hopeful,0.55
"raat ko sochte huye आज ऑफिस में काम का बहुत दबाव था, सिर दर्द हो रहा है। par kya hi kar sakte hai",Hindi,negative,stress,-0.65
"office ke baad आज का दिन बहुत शानदार रहा, परिवार के साथ बहुत खुशी मिली। par kya hi kar sakte hai",Hindi,positive,joy,0.85
Just realized that a cat extremely angry and furious all over my shoes and clothes so annoying and exhausted,English,negative,stress,-0.75
"Looking back at the day, we are so back huge victory and celebration celebration today moving forward regardless.",English,positive,joy,0.9
sathyam paranjaal manassil valare aashwasam thonnunnu silent day,Malayalam (Manglish),positive,calm,0.55
nijanga cheppalante naaku chaala bagundi kani em chestham,Telugu (Tenglish),positive,joy,0.85
"To be honest, Exhausted from back to back meetings and relentless deadlines. just putting thoughts into words.",English,negative,stress,-0.65
overall ga chusthe naaku ee roju em nachaledhu manasu antha baram ga undi kachithanga manchidi jaruguthundi,Telugu (Tenglish),negative,sadness,-0.8
"In all fairness, Inniku romba frustrating ah irundhuchu work complete panna try pannitu irundhen full energy poiduchu trying to process it all.",English,negative,stress,-0.75
office aypoyaka chala badhaga undi manasu antha dukham tho nindi poyindi nenu thaluchukuntunna,Telugu (Tenglish),negative,sadness,-0.75
starting lo manasulo chala aashanthi ga ghabrahat ga undi night sleep ledu kani em chestham,Telugu (Tenglish),negative,anxiety,-0.5
overall ah paatha enna nadakuthu inga onnum puriyala romba bayama irukku aana enna panna,Tamil (Tanglish),negative,anxiety,-0.55
"In all fairness, i feel happy very today taking one step at a time.",English,positive,joy,0.85
friendsine kandappol weather cloudy aayirunnu routine poyikkoondirikkunnu,Malayalam (Manglish),neutral,neutral,0.0
வெற்றி கிடைத்ததால் அளவில்லாத மகிழ்ச்சி அடைந்தேன். romba mukkiyam,Tamil,positive,joy,0.9
Next janasena కీ vote వేయండి,Telugu,neutral,neutral,0.0
"Just realized that When i when the when when I when, my whens become whats and my whats become when. Fein keeping this in mind.",English,neutral,neutral,0.0
"मन में बहुत बेचैनी है, समझ नहीं आ रहा क्या करूं।",Hindi,negative,anxiety,-0.5
"sathyam paranjaal ഇന്ന് എനിക്ക് വളരെ സന്തോഷം തോന്നി, എല്ലാം നല്ല രീതിയിൽ നടന്നു. theerchayayum nallathu sambhavikkum",Malayalam,positive,joy,0.85
such me bolu toh मुश्किल समय में भी उम्मीद की किरण दिखाई देती है। aage dekhte hai,Hindi,positive,hopeful,0.6
such me bolu toh bohot khush hu aaj doston ke sath maza aaya par kya hi kar sakte hai,Hindi (Hinglish),positive,joy,0.85
overall ah paatha chai kudichutu peaceful ah book padichen aana enna panna,Tamil (Tanglish),positive,calm,0.6
asalu cheppalante rojantha kashtapadi body motham alasata ga noppulu ga undi chala important,Telugu (Tenglish),negative,stress,-0.55
asalu cheppalante kallalo neellu aagadam ledu chala baadha manasulo undi,Telugu (Tenglish),negative,sadness,-0.85
nijanga cheppalante emi jaruguthundo asalu ardam kavatledu chala tension chala important,Telugu (Tenglish),negative,anxiety,-0.55
sathyam paranjaal aarum koode illa ottakkaya pole thonnunnu,Malayalam (Manglish),negative,sadness,-0.7
innu enikku thonni full day busy aayirunnu thalarnnu poyi valare pradhaanamaanu,Malayalam (Manglish),negative,stress,-0.6
friendsine kandappol പ്രതിസന്ധികൾക്കിടയിലും പുതിയൊരു പ്രത്യാശ തോന്നുന്നു. njan orkkunnu,Malayalam,positive,hopeful,0.6
such me bolu toh chai pite huye shanti se baithe the bohot zaroori hai,Hindi (Hinglish),positive,calm,0.55
such bolu toh mushkil waqt hai par umeed ki kiran hamesha rehti hai,Hindi (Hinglish),positive,hopeful,0.6
nijanga cheppalante just regular daily note rastunnanu kani em chestham,Telugu (Tenglish),neutral,neutral,0.0
aaj mujhe aisa laga ki thoda time lagega par sab theek ho jayega mujhe pura bharosa hai bohot zaroori hai,Hindi (Hinglish),positive,hopeful,0.55
mujhe bhavishya ko lekar bohot chinta hai,Hindi (Hinglish),negative,anxiety,-0.6
raathri aayappol nalathe divasam nallathavum ennu njan aashikkunnu valare pradhaanamaanu,Malayalam (Manglish),positive,hopeful,0.5
sathyam paranjaal njan innale valare santhoshavan aayirunnu friendsine kandu manassilund,Malayalam (Manglish),positive,joy,0.85
"Lately, Today was good and productive, feeling very happy and energetic! just putting thoughts into words.",English,positive,joy,0.8
office aypoyaka just regular daily note rastunnanu manasulo undi,Telugu (Tenglish),neutral,neutral,0.0
"Right now, crying quietly because everything is so shitty keeping this in mind.",English,negative,sadness,-0.8
joli kazhinju kure pani koodi kidakkunnu thala vedhana edukkunnu theerchayayum nallathu sambhavikkum,Malayalam (Manglish),negative,stress,-0.6
naaku chaala bagundi super happy day manasulo undi,Telugu (Tenglish),positive,joy,0.85
starting lo kallalo neellu aagadam ledu chala baadha kani em chestham,Telugu (Tenglish),negative,sadness,-0.85
Inniku romba frustrating ah irundhuchu work mudiyala full energy poiduchu aana enna panna,Tamil (Tanglish),negative,stress,-0.7
friends tho matladinapudu ontariga anipistondi andharu dooram aypoyaru manasulo undi,Telugu (Tenglish),negative,sadness,-0.7
eeroju naaku anipinchindi కష్టాలు దాటి మంచి రోజులు వస్తాయని ఆశిస్తున్నాను. kachithanga manchidi jaruguthundi,Telugu,positive,hopeful,0.55
udayam nunchi సరుకులు కొని రాత్రి భోజనం పూర్తి చేశాను. nenu thaluchukuntunna,Telugu,neutral,neutral,0.0
office mudichutu assignment submission time la romba stress aagudhu kandippa nalladhu nadakkum,Tamil (Tanglish),negative,stress,-0.6
unmaiya sollanum na inniku manasula periya sogam rona vandhudhu romba mukkiyam,Tamil (Tanglish),negative,sadness,-0.85
"Overall feeling, Today was calm and quiet, enjoyed a slow peaceful morning. and that is how it feels.",English,positive,calm,0.55
joli kazhinju interview orthu chankidikkunnu tension aavunnu manassilund,Malayalam (Manglish),negative,anxiety,-0.5
"Reflecting on today, down horrendous nobody cares about me fml taking one step at a time.",English,negative,sadness,-0.85
starting la chai kudichutu peaceful ah book padichen ippadiye poitu irukku,Tamil (Tanglish),positive,calm,0.6
office aypoyaka naaku chala bagundi kachithanga manchidi jaruguthundi,Telugu (Tenglish),positive,joy,0.85
"Reflecting on today, Today was so frustrating trying to complete work but ran into non stop problems and energy is completely drained",English,negative,stress,-0.75
night time la enakku romba sogam aa iruku,Tamil (Tanglish),negative,sadness,-0.8
innu manassil valare vishamam aayirunnu kannuneer vannu,Malayalam (Manglish),negative,sadness,-0.85
night padukune mundhu pichi lesthondi chala kopam ga undi nenu thaluchukuntunna,Telugu (Tenglish),negative,stress,-0.8
"overall ah paatha Naan work complete panna try pannitu irundhen, but every time some new problem vandhuchu full energy poiduchu kandippa nalladhu nadakkum",Tamil (Tanglish),negative,stress,-0.7
friends kooda pesumpodhu manasu amaidhiyaaga irukku oru tension um illa,Tamil (Tanglish),positive,calm,0.55
starting la Today college la romba stressful ah irundhuchu work mudiyala manasula irukku,Tamil (Tanglish),negative,stress,-0.6
overall ga chusthe naaku assalu nachatledu chala badhaga undi manasulo undi,Telugu (Tenglish),negative,sadness,-0.75
"Truth be told, Bought groceries, cooked dinner, and organized my desk. keeping this in mind.",English,neutral,neutral,0.0
inniku enaku thonuchu exam pathi nenachaale romba bayama irukku onnum padikala romba mukkiyam,Tamil (Tanglish),negative,anxiety,-0.6
"Truth be told, feeling super happy and energized today taking one step at a time.",English,positive,joy,0.9
starting la bayama irukku manasula full ah anxiety panic aana enna panna,Tamil (Tanglish),negative,anxiety,-0.6
kure pani koodi kidakkunnu thala vedhana edukkunnu theerchayayum nallathu sambhavikkum,Malayalam (Manglish),negative,stress,-0.6
joli kazhinju പ്രതിസന്ധികൾക്കിടയിലും പുതിയൊരു പ്രത്യാശ തോന്നുന്നു. njan orkkunnu,Malayalam,positive,hopeful,0.6
"aarambathil ഇന്ന് എനിക്ക് വളരെ സന്തോഷം തോന്നി, എല്ലാം നല്ല രീതിയിൽ നടന്നു. manassilund",Malayalam,positive,joy,0.85
joli kazhinju കൂട്ടുകാരോടൊപ്പം ചെലവഴിച്ച സമയം വളരെ ആനന്ദകരമായിരുന്നു. ennalum enthu cheyyaan,Malayalam,positive,joy,0.9
doston ke sath baat karke kal ka din behtar hoga aisi aasha hai zaroor accha hoga,Hindi (Hinglish),positive,hopeful,0.5
night thookame varama bayama irukku mind full ah running kandippa nalladhu nadakkum,Tamil (Tanglish),negative,anxiety,-0.55
overall ah paatha enaku inniki sogama irukku manasula irukku,Tamil (Tanglish),negative,sadness,-0.8
subah se hi aaj mood bahut kharab hai dil bohot dukhi hai aage dekhte hai,Hindi (Hinglish),negative,sadness,-0.75
"doston ke sath baat karke आज मन में बहुत शांति और सुकून है, कोई हड़बड़ी नहीं। dil me chal raha hai",Hindi,positive,calm,0.6
office mudichutu night thookame varama bayama irukku mind full ah running kandippa nalladhu nadakkum,Tamil (Tanglish),negative,anxiety,-0.55
ఇప్పుడు నిదిఐన నకుతాడు డబ్బులు ఇస్తే,Telugu,negative,stress,-0.6
thoda time lagega par sab theek ho jayega mujhe pura bharosa hai par kya hi kar sakte hai,Hindi (Hinglish),positive,hopeful,0.55
inniku enaku thonuchu exam pathi nenachaale romba bayama irukku onnum padikala kandippa nalladhu nadakkum,Tamil (Tanglish),negative,anxiety,-0.6
starting lo నాడీ కొట్టుకోవడం ఎక్కువై చాలా ఆందోళనగా ఉంది. kachithanga manchidi jaruguthundi,Telugu,negative,anxiety,-0.65
raat ko sochte huye aaj ka din bas normal raha koi khaas baat nahi par kya hi kar sakte hai,Hindi (Hinglish),neutral,neutral,0.0
office aypoyaka naaku chala badha ga undi kani em chestham,Telugu (Tenglish),negative,sadness,-0.8
doston ke sath baat karke bohot khush hu aaj doston ke sath maza aaya,Hindi (Hinglish),positive,joy,0.85
"Right now, What a productive and joyful morning with beautiful sunshine. taking one step at a time.",English,positive,joy,0.85
friends kooda pesumpodhu தேர்வு முடிவுகளை நினைத்தால் மிகவும் பயமாக உள்ளது. ennala mudiyala,Tamil,negative,anxiety,-0.6
"Honestly speaking, What is even happening right now, I feel so lost and confused. moving forward regardless.",English,negative,anxiety,-0.5
friends kooda pesumpodhu Today college la romba stressful ah irundhuchu work mudiyala romba mukkiyam,Tamil (Tanglish),negative,stress,-0.6
udayam nunchi future gurinchi chala positive aashaga unnanu,Telugu (Tenglish),positive,hopeful,0.6
നാളെ എന്ത് സംഭവിക്കും എന്നോർത്ത് വലിയ പേടിയാണ്. njan orkkunnu,Malayalam,negative,anxiety,-0.6
raat ko sochte huye grocery kharid ke laya aur kaam kiya par kya hi kar sakte hai,Hindi (Hinglish),neutral,neutral,0.0
overall dekha jaye toh aaj office me bahut jyada stress tha kaam ka bojh badh gaya aage dekhte hai,Hindi (Hinglish),negative,stress,-0.65
starting la எனக்கு இன்று மிகவும் சோகமாக இருக்கிறது. aana enna panna,Tamil,negative,sadness,-0.8
nijanga cheppalante పనుల భారం ఎక్కువై బాగా అలసిపోయాను. nenu thaluchukuntunna,Telugu,negative,stress,-0.6
enikku innu onnum ishtamayilla manassu thakarnnu ennalum enthu cheyyaan,Malayalam (Manglish),negative,sadness,-0.75
Slient pettu bangaram phone,Telugu,neutral,neutral,0.0
raat ko sochte huye mujhe future ko lekar bahut anxiety aur tension ho rahi hai par kya hi kar sakte hai,Hindi (Hinglish),negative,anxiety,-0.6
Phone cut chesthey inka yavaritho mataladestham ani Ami leka poina chepu chepu ani rod avtharu edhi fact,Telugu,neutral,neutral,0.0
raat ko sochte huye family ke sath time spend kiya bohot khushi hui par kya hi kar sakte hai,Hindi (Hinglish),positive,joy,0.85
sathiyama solren nimmathiya irukku manasu romba relaxed kandippa nalladhu nadakkum,Tamil (Tanglish),positive,calm,0.65
friendsine kandappol innu valare frustrating aayirunnu pani theerkaan pattiyilla full energy theernnu njan orkkunnu,Malayalam (Manglish),negative,stress,-0.7
eeroju naaku chala baadha ga undi ilaane saaguthundi,Telugu (Tenglish),negative,sadness,-0.8
starting lo eroju chala bagundi chala santhosham ga unnanu nenu thaluchukuntunna,Telugu (Tenglish),positive,joy,0.8
night padukune mundhu eroju regular ga gadichindi routine pani kachithanga manchidi jaruguthundi,Telugu (Tenglish),neutral,neutral,0.0
udayam nunchi pichi lesthondi chala kopam ga undi chala important,Telugu (Tenglish),negative,stress,-0.8
"Overall feeling, lost control in extreme anger over this deceitful nonsense and frustration situation for fuck sake feeling extreme annoyance trying to process it all.",English,negative,stress,-0.85
kaalaila irundhe எனக்கு இன்று மிகவும் சோகமாக இருக்கிறது. manasula irukku,Tamil,negative,sadness,-0.8
starting lo starting lo kastam ga anipinchindi kani ipudu baga improve ayyindi kachithanga manchidi jaruguthundi,Telugu (Tenglish),mixed,hopeful,0.45
inniku enaku thonuchu assignment submission time la romba stress aagudhu ennala mudiyala,Tamil (Tanglish),negative,stress,-0.6
overall aayi nokkiyaal naale meeting undu athinte kaaryangal nokki,Malayalam (Manglish),neutral,neutral,0.0
doston ke sath baat karke kal subah 10 baje meeting scheduled hai aage dekhte hai,Hindi (Hinglish),neutral,neutral,0.0
ravile muthal ഇന്ന് വളരെ ദുഃഖം നിറഞ്ഞ ദിവസമായിരുന്നു. ennalum enthu cheyyaan,Malayalam,negative,sadness,-0.75
sathyam paranjal മനസ്സിൽ വലിയ ആകുലതയും ഭയവും നിറഞ്ഞുനിൽക്കുന്നു. ennalum enthu cheyyaan,Malayalam,negative,anxiety,-0.55
"Truth be told, I am in extreme trouble and stressed brother everything is falling apart hoping for the best.",English,negative,stress,-0.75
eeroju naaku anipinchindi groceries thechi dinner chesukuni padukunna manasulo undi,Telugu (Tenglish),neutral,neutral,0.0
aarambathil innu valare frustrating aayirunnu pani theerkaan pattiyilla full energy theernnu,Malayalam (Manglish),negative,stress,-0.7
ravile muthal innu valare sankadam thonnunnu njan orkkunnu,Malayalam (Manglish),negative,sadness,-0.8
"In all fairness, a cat pissed all over my shoes and clothes so annoying and exhausted just putting thoughts into words.",English,negative,stress,-0.75
office ke baad aaj office me bahut jyada stress tha kaam ka bojh badh gaya aage dekhte hai,Hindi (Hinglish),negative,stress,-0.65
innu valare sankadam thonnunnu manassilund,Malayalam (Manglish),negative,sadness,-0.8
sathiyama solren manasu amaidhiyaaga irukku oru tension um illa ippadiye poitu irukku,Tamil (Tanglish),positive,calm,0.55
raathri aayappol exam orthu manassil aakulam thonnikunnu night sleep illa,Malayalam (Manglish),negative,anxiety,-0.55
doston ke sath baat karke akela pan bohot sata raha hai koi baat karne wala nahi zaroor accha hoga,Hindi (Hinglish),negative,sadness,-0.7
subah se hi kal subah 10 baje meeting scheduled hai zaroor accha hoga,Hindi (Hinglish),neutral,neutral,0.0
ravile muthal adipoli divasam aayirunnu full polichu,Malayalam (Manglish),positive,joy,0.85
raathri aayappol manassil valare aashwasam thonnunnu silent day theerchayayum nallathu sambhavikkum,Malayalam (Manglish),positive,calm,0.55
"Looking back at the day, we are so back huge w celebration today trying to process it all.",English,positive,joy,0.9
friendsine kandappol innu manassil valare vishamam aayirunnu kannuneer vannu theerchayayum nallathu sambhavikkum,Malayalam (Manglish),negative,sadness,-0.85
"आज मन में बहुत शांति और सुकून है, कोई हड़बड़ी नहीं। dil me chal raha hai",Hindi,positive,calm,0.6
office aypoyaka nammakam undi anni set aypothai ilaane saaguthundi,Telugu (Tenglish),positive,hopeful,0.5
ravile muthal ജോലിയിലെ അമിത ജോലിഭാരം കാരണം തളർന്നുപോയി.,Malayalam,negative,stress,-0.65
overall dekha jaye toh akela pan bohot sata raha hai koi baat karne wala nahi dil me chal raha hai,Hindi (Hinglish),negative,sadness,-0.7
asalu cheppalante results ela vasthayo ani chala tension paduthunna,Telugu (Tenglish),negative,anxiety,-0.55
sathyam paranjal innu sadharana divasam aayirunnu vishashangal onnum illa njan orkkunnu,Malayalam (Manglish),neutral,neutral,0.0
office mudichutu inniki romba sogama iruku aana enna panna,Tamil (Tanglish),negative,sadness,-0.8
"Looking back at the day, acting extremely anxious and panic stricken over these deadlines so nervous and stressed keeping this in mind.",English,negative,anxiety,-0.65
udayam nunchi eeroju manasulo chala prashantham ga undi shanti ga unnanu nenu thaluchukuntunna,Telugu (Tenglish),positive,calm,0.6
kaalaila irundhe project pass aayiduchu romba santhosham romba mukkiyam,Tamil (Tanglish),positive,joy,0.9
"Truth be told, Stepping forward with quiet optimism that things will get better. and that is how it feels.",English,positive,hopeful,0.6
unmaiya sollanum na கடினமான சூழலிலும் ஒரு நல்ல நம்பிக்கை மனதில் பிறக்கிறது. romba mukkiyam,Tamil,positive,hopeful,0.55
doston ke sath baat karke family ke sath time spend kiya bohot khushi hui zaroor accha hoga,Hindi (Hinglish),positive,joy,0.85
innu enikku thonni bhayangara deshyam varunnu kali aavunnu valare pradhaanamaanu,Malayalam (Manglish),negative,stress,-0.75
ravile muthal grocery vaangi veettil ethi dinner kazhichu manassilund,Malayalam (Manglish),neutral,neutral,0.0
friendsine kandappol മനസ്സിൽ വലിയ ആകുലതയും ഭയവും നിറഞ്ഞുനിൽക്കുന്നു. manassilund,Malayalam,negative,anxiety,-0.55
sathyam paranjal exam orthu manassil aakulam thonnikunnu night sleep illa valare pradhaanamaanu,Malayalam (Manglish),negative,anxiety,-0.55
such me bolu toh aaj office me bahut jyada stress tha kaam ka bojh badh gaya dil me chal raha hai,Hindi (Hinglish),negative,stress,-0.65
"doston ke sath baat karke आज का दिन बहुत शानदार रहा, परिवार के साथ बहुत खुशी मिली। dil me chal raha hai",Hindi,positive,joy,0.85
friendsine kandappol innu sadharana divasam aayirunnu vishashangal onnum illa manassilund,Malayalam (Manglish),neutral,neutral,0.0
eeroju naaku chala baadha ga undi manasulo undi,Telugu (Tenglish),negative,sadness,-0.8
starting la bayama irukku manasula full ah anxiety panic romba mukkiyam,Tamil (Tanglish),negative,anxiety,-0.6
overall ga chusthe groceries thechi dinner chesukuni padukunna kachithanga manchidi jaruguthundi,Telugu (Tenglish),neutral,neutral,0.0
subah se hi weather normal hai thodi thand hai zaroor accha hoga,Hindi (Hinglish),neutral,neutral,0.0
office mudichutu oru maadhiri tension and anxiety ah irukku enaku ennala mudiyala,Tamil (Tanglish),negative,anxiety,-0.5
asalu cheppalante eeroju naaku chala baadha ga undi nenu thaluchukuntunna,Telugu (Tenglish),negative,sadness,-0.8
sathyam paranjal nalla oru shanthamaya divasam aayirunnu ashwasam thonnunnu,Malayalam (Manglish),positive,calm,0.6
friendsine kandappol ജോലിയിലെ അമിത ജോലിഭാരം കാരണം തളർന്നുപോയി. valare pradhaanamaanu,Malayalam,negative,stress,-0.65
doston ke sath baat karke chai pite huye shanti se baithe the bohot zaroori hai,Hindi (Hinglish),positive,calm,0.55
innu enikku thonni ravile meditation cheythu mind fresh aayi ennalum enthu cheyyaan,Malayalam (Manglish),positive,calm,0.65
sathiyama solren semma gaand aagudhu romba kovam,Tamil (Tanglish),negative,stress,-0.8
starting lo naaku chala badha ga undi chala important,Telugu (Tenglish),negative,sadness,-0.8
friendsine kandappol ഇന്ന് വളരെ ദുഃഖം നിറഞ്ഞ ദിവസമായിരുന്നു. valare pradhaanamaanu,Malayalam,negative,sadness,-0.75
"At the end of the day, Bought groceries, cooked dinner, and organized my desk. keeping this in mind.",English,neutral,neutral,0.0
"Truth be told, i am angry keeping this in mind.",English,negative,stress,-0.8
such bolu toh subah meditation kiya mind bilkul relaxed ho gaya aage dekhte hai,Hindi (Hinglish),positive,calm,0.65
friends tho matladinapudu naaku chala badhaga undi,Telugu (Tenglish),negative,sadness,-0.8
friends tho matladinapudu naaku chala badhaga undi chala important,Telugu (Tenglish),negative,sadness,-0.8
shuruat me akela pan bohot sata raha hai koi baat karne wala nahi,Hindi (Hinglish),negative,sadness,-0.7
ravile muthal valare pedi aavunnu aashanka aakulam undu,Malayalam (Manglish),negative,anxiety,-0.6
"Lately, blah blah blah nothing much to report just testing just putting thoughts into words.",English,neutral,neutral,0.0
"Overall feeling, down horrendous nobody cares about me fml keeping this in mind.",English,negative,sadness,-0.85
sathiyama solren future enna aagumo nu romba bayama iruku manasula irukku,Tamil (Tanglish),negative,anxiety,-0.65
aaj mujhe aisa laga ki results ka soch kar ghabrahat ho rahi hai neend nahi aa rahi zaroor accha hoga,Hindi (Hinglish),negative,anxiety,-0.55
joli kazhinju deadline eppol theerkkum ennu orthu valare vishamam valare pradhaanamaanu,Malayalam (Manglish),negative,stress,-0.55
overall ga chusthe eroju office lo chala work load undi chala alasipoyanu kachithanga manchidi jaruguthundi,Telugu (Tenglish),negative,stress,-0.6
eeroju naaku anipinchindi interview mundhu chala panic ayyanu heartbeat fast ga undi,Telugu (Tenglish),negative,anxiety,-0.6
"Just realized that unbothered, moisturized, in my lane and peaceful as time goes by.",English,positive,calm,0.7
"At the end of the day, feeling super happy and energized today as time goes by.",English,positive,joy,0.9
"Lately, unbothered, moisturized, in my lane and peaceful hoping for the best.",English,positive,calm,0.7
nijanga cheppalante eroju office lo chala work load undi chala alasipoyanu nenu thaluchukuntunna,Telugu (Tenglish),negative,stress,-0.6
such bolu toh mushkil waqt hai par umeed ki kiran hamesha rehti hai zaroor accha hoga,Hindi (Hinglish),positive,hopeful,0.6
overall ga chusthe panulu anni okesari vachi chala pressure ga anipinchindi kani em chestham,Telugu (Tenglish),negative,stress,-0.65
ఆ నవ్వేంటో మీ విధానాలు ఏంటో ఇప్పటికీ మాకు అర్థం కాదు,Telugu,neutral,neutral,0.0
night time la அதிகப்படியான வேலைப்பளு காரணமாக தலைவலியும் சோர்வும் ஏற்பட்டுள்ளது. kandippa nalladhu nadakkum,Tamil,negative,stress,-0.6
doston ke sath baat karke akela pan bohot sata raha hai koi baat karne wala nahi bohot zaroori hai,Hindi (Hinglish),negative,sadness,-0.7
starting lo project complete ayindi chala aanandam ga undi kachithanga manchidi jaruguthundi,Telugu (Tenglish),positive,joy,0.8
joli kazhinju naalathe kaaryam orthu valare pedi aavunnu,Malayalam (Manglish),negative,anxiety,-0.6
night time la hard work pannina kandippa success kedaikkum namburan ennala mudiyala,Tamil (Tanglish),positive,hopeful,0.5
asalu cheppalante interview mundhu chala panic ayyanu heartbeat fast ga undi,Telugu (Tenglish),negative,anxiety,-0.6
Just realized that i LOVE this so much specifically just putting thoughts into words.,English,positive,joy,0.85
sathiyama solren inniku normal day dhaan onnum perisa nadakala,Tamil (Tanglish),neutral,neutral,0.0
friendsine kandappol സാധനങ്ങൾ വാങ്ങി വീട്ടിലെത്തി ഭക്ഷണം കഴിച്ചു. manassilund,Malayalam,neutral,neutral,0.0
"Reflecting on today, Bought groceries, in serious distress and trouble dinner, and organized my desk.",English,neutral,neutral,0.0
asalu cheppalante evaritho matladali anna bhayam vestondi nervous ga undi kachithanga manchidi jaruguthundi,Telugu (Tenglish),negative,anxiety,-0.5
ravile muthal kure issues undayirunnu ennalum nalla oru pratheeksha undu manassilund,Malayalam (Manglish),positive,hopeful,0.55
sathyam paranjaal enikku innu sankadamaanu valare vishamam valare pradhaanamaanu,Malayalam (Manglish),negative,sadness,-0.8
"In all fairness, So nervous and anxious about the interview results. just putting thoughts into words.",English,negative,anxiety,-0.55
"aarambathil നല്ലൊരു പ്രതീക്ഷ മനസ്സിലുണ്ട്, കാര്യങ്ങൾ നന്നായി വരും.",Malayalam,positive,hopeful,0.55
"Sitting quietly right now, Celebrated a huge personal milestone today, ecstatic and grateful! moving forward regardless.",English,positive,joy,0.9
Project delivery pressure thanga mudiyala semma tiredness aana enna panna,Tamil (Tanglish),negative,stress,-0.65
friendsine kandappol ithu maarum ennu vishwasam undu future nannavum valare pradhaanamaanu,Malayalam (Manglish),positive,hopeful,0.6
"Truth be told, tweaking over these deadlines so nervous and stressed keeping this in mind.",English,negative,anxiety,-0.65
such bolu toh mujhe future ko lekar bahut anxiety aur tension ho rahi hai par kya hi kar sakte hai,Hindi (Hinglish),negative,anxiety,-0.6
sathyam paranjaal ithu maarum ennu vishwasam undu future nannavum theerchayayum nallathu sambhavikkum,Malayalam (Manglish),positive,hopeful,0.6
"Honestly speaking, sick of this extremely deceitful nonsense and frustration happening every day hoping for the best.",English,negative,stress,-0.85
overall ga chusthe project complete ayindi chala aanandam ga undi manasulo undi,Telugu (Tenglish),positive,joy,0.8
ravile muthal valare pedi aavunnu aashanka aakulam undu manassilund,Malayalam (Manglish),negative,anxiety,-0.6
such me bolu toh aaj man me bohot sukoon aur shanti mehsoos ho rahi hai bohot zaroori hai,Hindi (Hinglish),positive,calm,0.6
Today college la romba stressful ah irundhuchu work mudiyala kandippa nalladhu nadakkum,Tamil (Tanglish),negative,stress,-0.6
overall aayi nokkiyaal just casual note ezhuthukayanu manassilund,Malayalam (Manglish),neutral,neutral,0.0
"At the end of the day, What is even happening right now, I feel so lost and confused. trying to process it all.",English,negative,anxiety,-0.5
unmaiya sollanum na hard work pannina kandippa success kedaikkum namburan ennala mudiyala,Tamil (Tanglish),positive,hopeful,0.5
"Truth be told, down horrendous nobody cares about me fml moving forward regardless.",English,negative,sadness,-0.85
inniku enaku thonuchu தேர்வு முடிவுகளை நினைத்தால் மிகவும் பயமாக உள்ளது. ennala mudiyala,Tamil,negative,anxiety,-0.6
eeroju naaku anipinchindi eroju regular ga gadichindi routine pani manasulo undi,Telugu (Tenglish),neutral,neutral,0.0
asalu cheppalante eeroju naaku chala baadha ga undi kachithanga manchidi jaruguthundi,Telugu (Tenglish),negative,sadness,-0.8
such bolu toh bohot gussa aa raha hai dimag phat raha hai par kya hi kar sakte hai,Hindi (Hinglish),negative,stress,-0.8
"overall aayi nokkiyaal ഇന്ന് എനിക്ക് വളരെ സന്തോഷം തോന്നി, എല്ലാം നല്ല രീതിയിൽ നടന്നു. njan orkkunnu",Malayalam,positive,joy,0.85
മനസ്സിന് നല്ലൊരു ശാന്തിയും സമാധാനവും അനുഭവപ്പെടുന്നു. theerchayayum nallathu sambhavikkum,Malayalam,positive,calm,0.6
eeroju naaku anipinchindi family tho kalisi chala happy time spend chesamu kachithanga manchidi jaruguthundi,Telugu (Tenglish),positive,joy,0.85
"Reflecting on today, Inniku romba frustrating ah irundhuchu work complete panna try pannitu irundhen full energy poiduchu taking one step at a time.",English,negative,stress,-0.75
aaj man me bohot sukoon aur shanti mehsoos ho rahi hai par kya hi kar sakte hai,Hindi (Hinglish),positive,calm,0.6
night time la future pathi positive ah ninaikiren nalla nadakkum romba mukkiyam,Tamil (Tanglish),positive,hopeful,0.6
night padukune mundhu konchem tough situation kani mundhu manchi rojulu vasthai,Telugu (Tenglish),positive,hopeful,0.55
"joli kazhinju ഹൃദയം നുറുങ്ങുന്ന വേദന തോന്നുന്നു, ആരും കൂടെയില്ല. theerchayayum nallathu sambhavikkum",Malayalam,negative,sadness,-0.8
Woke up with an intense wave of panic and unease. keeping this in mind.,English,negative,anxiety,-0.75
overall ga chusthe naaku chala bagundi manasulo undi,Telugu (Tenglish),positive,joy,0.85
doston ke sath baat karke grocery kharid ke laya aur kaam kiya aage dekhte hai,Hindi (Hinglish),neutral,neutral,0.0
eeroju naaku anipinchindi కష్టాలు దాటి మంచి రోజులు వస్తాయని ఆశిస్తున్నాను. ilaane saaguthundi,Telugu,positive,hopeful,0.55
overall dekha jaye toh aaj phir se rona aa gaya sab kuch chhoot gaya,Hindi (Hinglish),negative,sadness,-0.85
raathri aayappol നിശ്ശബ്ദമായ പ്രഭാതം മനസ്സിന് കുളിർമ നൽകി. ennalum enthu cheyyaan,Malayalam,positive,calm,0.65
nijanga cheppalante naaku chaala bagundi ilaane saaguthundi,Telugu (Tenglish),positive,joy,0.85
"Overall feeling, A fresh start and positive expectations for the coming days. just putting thoughts into words.",English,positive,hopeful,0.65
office ke baad thoda time lagega par sab theek ho jayega mujhe pura bharosa hai zaroor accha hoga,Hindi (Hinglish),positive,hopeful,0.55
"raat ko sochte huye आज मन में बहुत शांति और सुकून है, कोई हड़बड़ी नहीं।",Hindi,positive,calm,0.6
friendsine kandappol naalathe kaaryam orthu valare pedi aavunnu,Malayalam (Manglish),negative,anxiety,-0.6
friends tho matladinapudu eeroju naaku chala baadha ga undi kani em chestham,Telugu (Tenglish),negative,sadness,-0.8
"Honestly speaking, Feeling grounded, mindful, and completely at peace with myself. keeping this in mind.",English,positive,calm,0.7
udayam nunchi emi jaruguthundo asalu ardam kavatledu chala tension nenu thaluchukuntunna,Telugu (Tenglish),negative,anxiety,-0.55
sathyam paranjal interview orthu chankidikkunnu tension aavunnu theerchayayum nallathu sambhavikkum,Malayalam (Manglish),negative,anxiety,-0.5
panulu anni okesari vachi chala pressure ga anipinchindi kachithanga manchidi jaruguthundi,Telugu (Tenglish),negative,stress,-0.65
Just realized that So nervous and anxious about the interview results. and that is how it feels.,English,negative,anxiety,-0.55
"To be honest, got suddenly abandoned and ignored and ruined a wonderful opportunity everything feels miserable hoping for the best.",English,negative,sadness,-0.8
2024 lo anni non Sunday lu vastayi le... Ala motivate avvatame ika,Telugu,neutral,neutral,0.0
overall ah paatha project pass aayiduchu romba santhosham,Tamil (Tanglish),positive,joy,0.9
doston ke sath baat karke mushkil waqt hai par umeed ki kiran hamesha rehti hai aage dekhte hai,Hindi (Hinglish),positive,hopeful,0.6
Baga kaduko lekunte said effects vasthai,Telugu,negative,stress,-0.6
"subah se hi आज ऑफिस में काम का बहुत दबाव था, सिर दर्द हो रहा है। zaroor accha hoga",Hindi,negative,stress,-0.65
"Overall feeling, Feeling grounded, mindful, and completely at peace with myself. moving forward regardless.",English,positive,calm,0.7
starting la night thookame varama bayama irukku mind full ah running romba mukkiyam,Tamil (Tanglish),negative,anxiety,-0.55
asalu cheppalante సరుకులు కొని రాత్రి భోజనం పూర్తి చేశాను. chala important,Telugu,neutral,neutral,0.0
kaalaila irundhe friends kooda outing poitu vandhom semma enjoy pannom manasula irukku,Tamil (Tanglish),positive,joy,0.8
sathiyama solren nambikkai irukku seekiram ellam seri aagum aana enna panna,Tamil (Tanglish),positive,hopeful,0.6
eroju chala santhosham ga undi full enjoy chesamu chala important,Telugu (Tenglish),positive,joy,0.85
asalu cheppalante evaritho matladali anna bhayam vestondi nervous ga undi kachithanga manchidi jaruguthundi,Telugu (Tenglish),negative,anxiety,-0.5
udayam nunchi naaku assalu nachatledu chala badhaga undi,Telugu (Tenglish),negative,sadness,-0.75
nijanga cheppalante కష్టాలు దాటి మంచి రోజులు వస్తాయని ఆశిస్తున్నాను. manasulo undi,Telugu,positive,hopeful,0.55
night time la enaku inniki sogama irukku ennala mudiyala,Tamil (Tanglish),negative,sadness,-0.8
unmaiya sollanum na enaku inniki edhume pudikala romba kashtama irukku,Tamil (Tanglish),negative,sadness,-0.75
friends kooda pesumpodhu future pathi positive ah ninaikiren nalla nadakkum kandippa nalladhu nadakkum,Tamil (Tanglish),positive,hopeful,0.6
sathiyama solren exam pathi nenachaale romba bayama irukku onnum padikala manasula irukku,Tamil (Tanglish),negative,anxiety,-0.6
starting la enna panna poren nu theriyama thinaruren romba panic aana enna panna,Tamil (Tanglish),negative,anxiety,-0.6
"In all fairness, i feel happy af today",English,positive,joy,0.85
sathyam paranjal kure pani koodi kidakkunnu thala vedhana edukkunnu,Malayalam (Manglish),negative,stress,-0.6
"Right now, feeling down bad and completely heartbroken and that is how it feels.",English,negative,sadness,-0.85
friendsine kandappol weather cloudy aayirunnu routine poyikkoondirikkunnu theerchayayum nallathu sambhavikkum,Malayalam (Manglish),neutral,neutral,0.0
raat ko sochte huye chai pite huye shanti se baithe the dil me chal raha hai,Hindi (Hinglish),positive,calm,0.55
"ഹൃദയം നുറുങ്ങുന്ന വേദന തോന്നുന്നു, ആരും കൂടെയില്ല. ennalum enthu cheyyaan",Malayalam,negative,sadness,-0.8
raathri aayappol ജോലിയിലെ അമിത ജോലിഭാരം കാരണം തളർന്നുപോയി. ennalum enthu cheyyaan,Malayalam,negative,stress,-0.65
"To be honest, Overloaded with work and feel utterly stressed and fatigued. just putting thoughts into words.",English,negative,stress,-0.65
"Lately, so annoying and frustrating everything went wrong trying to process it all.",English,negative,stress,-0.75
"such bolu toh आज का दिन सामान्य रहा, कोई खास बात नहीं हुई। par kya hi kar sakte hai",Hindi,neutral,neutral,0.0
"All things considered, Meeting scheduled for 3 PM tomorrow afternoon.",English,neutral,neutral,0.0
blah blah blah nothing much to report just testing moving forward regardless.,English,neutral,neutral,0.0
panulu anni okesari vachi chala pressure ga anipinchindi,Telugu (Tenglish),negative,stress,-0.65
friends kooda pesumpodhu grocery vaangitu vandhu dinner saaptom manasula irukku,Tamil (Tanglish),neutral,neutral,0.0
starting la enaku inniki sogama iruku aana enna panna,Tamil (Tanglish),negative,sadness,-0.8
friends tho matladinapudu konchem tough situation kani mundhu manchi rojulu vasthai chala important,Telugu (Tenglish),positive,hopeful,0.55
friendsine kandappol enikku innu onnum ishtamayilla manassu thakarnnu valare pradhaanamaanu,Malayalam (Manglish),negative,sadness,-0.75
nijanga cheppalante ontariga anipistondi andharu dooram aypoyaru manasulo undi,Telugu (Tenglish),negative,sadness,-0.7
aaj mujhe aisa laga ki bohot gussa aa raha hai dimag phat raha hai par kya hi kar sakte hai,Hindi (Hinglish),negative,stress,-0.8
"Reflecting on today, got suddenly abandoned and ignored and ruined a wonderful opportunity everything feels miserable moving forward regardless.",English,negative,sadness,-0.8
sathyam paranjaal innu manassil valare vishamam aayirunnu kannuneer vannu njan orkkunnu,Malayalam (Manglish),negative,sadness,-0.85
friends kooda pesumpodhu manasu amaidhiyaaga irukku oru tension um illa ennala mudiyala,Tamil (Tanglish),positive,calm,0.55
"मन में बहुत बेचैनी है, समझ नहीं आ रहा क्या करूं। par kya hi kar sakte hai",Hindi,negative,anxiety,-0.5
nijanga cheppalante naaku ee roju em nachaledhu manasu antha baram ga undi kani em chestham,Telugu (Tenglish),negative,sadness,-0.8
subah se hi thoda time lagega par sab theek ho jayega mujhe pura bharosa hai,Hindi (Hinglish),positive,hopeful,0.55
office mudichutu routine velai ella mudinjidhu ippadiye poitu irukku,Tamil (Tanglish),neutral,neutral,0.0
"To be honest, Overloaded with work and feel utterly stressed and fatigued. and that is how it feels.",English,negative,stress,-0.65
raathri aayappol nalla oru shanthamaya divasam aayirunnu ashwasam thonnunnu theerchayayum nallathu sambhavikkum,Malayalam (Manglish),positive,calm,0.6
"To be honest, unbothered, moisturized, in my lane and peaceful and that is how it feels.",English,positive,calm,0.7
"Sitting quietly right now, feeling super happy and energized today as time goes by.",English,positive,joy,0.9
overall aayi nokkiyaal nalla oru shanthamaya divasam aayirunnu ashwasam thonnunnu theerchayayum nallathu sambhavikkum,Malayalam (Manglish),positive,calm,0.6
unmaiya sollanum na oru maadhiri tension and anxiety ah irukku enaku aana enna panna,Tamil (Tanglish),negative,anxiety,-0.5
aaj phir se rona aa gaya sab kuch chhoot gaya bohot zaroori hai,Hindi (Hinglish),negative,sadness,-0.85
Meru battalu vesykovadam avasarama,Telugu,neutral,neutral,0.0
overall dekha jaye toh ye ho kya rha h kuch samajh nahi aa raha par kya hi kar sakte hai,Hindi (Hinglish),negative,anxiety,-0.5
aaj mujhe aisa laga ki dil toot sa gaya hai kuch accha nahi lag raha bohot zaroori hai,Hindi (Hinglish),negative,sadness,-0.8
overall aayi nokkiyaal full day busy aayirunnu thalarnnu poyi,Malayalam (Manglish),negative,stress,-0.6
naale meeting undu athinte kaaryangal nokki njan orkkunnu,Malayalam (Manglish),neutral,neutral,0.0
Aa patalo una depth mee voice lo kanipinchindhi,Telugu,neutral,neutral,0.0
night padukune mundhu naaku chala bagundi,Telugu (Tenglish),positive,joy,0.85
"kaalaila irundhe மனதில் பெரும் சோகமும் வலியும் உள்ளது, தனிமையாக உணர்கிறேன். aana enna panna",Tamil,negative,sadness,-0.8
overall aayi nokkiyaal grocery vaangi veettil ethi dinner kazhichu theerchayayum nallathu sambhavikkum,Malayalam (Manglish),neutral,neutral,0.0
such bolu toh family ke sath time spend kiya bohot khushi hui bohot zaroori hai,Hindi (Hinglish),positive,joy,0.85
sathiyama solren family kooda time spend panninen manasuku romba happy aana enna panna,Tamil (Tanglish),positive,joy,0.85
sathiyama solren weather normal ah cloudy ah irundhuchu kandippa nalladhu nadakkum,Tamil (Tanglish),neutral,neutral,0.0
feeling down bad and completely heartbroken moving forward regardless.,English,negative,sadness,-0.85
friendsine kandappol innu joliyil bhayangara stress aayirunnu ottum samayam kittiyilla theerchayayum nallathu sambhavikkum,Malayalam (Manglish),negative,stress,-0.65
asalu cheppalante eroju regular ga gadichindi routine pani nenu thaluchukuntunna,Telugu (Tenglish),neutral,neutral,0.0
friends kooda pesumpodhu இயற்கையின் மடியில் அமைதியான மற்றும் தெளிவான தருணம். romba mukkiyam,Tamil,positive,calm,0.65
eroju chala santhosham ga undi full enjoy chesamu manasulo undi,Telugu (Tenglish),positive,joy,0.85
udayam nunchi chala badhaga undi manasu antha dukham tho nindi poyindi manasulo undi,Telugu (Tenglish),negative,sadness,-0.75
"Reflecting on today, Overloaded with work and feel utterly stressed and fatigued. taking one step at a time.",English,negative,stress,-0.65
starting la manasula oru periya bayam vandhudhu eppodhum overthinking ippadiye poitu irukku,Tamil (Tanglish),negative,anxiety,-0.5
"To be honest, locked in for the comeback we got this taking one step at a time.",English,positive,hopeful,0.65
"ravile muthal ഹൃദയം നുറുങ്ങുന്ന വേദന തോന്നുന്നു, ആരും കൂടെയില്ല. ennalum enthu cheyyaan",Malayalam,negative,sadness,-0.8
kaalaila irundhe Full day busy ah irundhu romba exhausted aayiten,Tamil (Tanglish),negative,stress,-0.55
overall ga chusthe rojantha kashtapadi body motham alasata ga noppulu ga undi kachithanga manchidi jaruguthundi,Telugu (Tenglish),negative,stress,-0.55
kudumbathodu koode nalla santhosha nimisham aayirunnu njan orkkunnu,Malayalam (Manglish),positive,joy,0.8
"Sitting quietly right now, lost control in extreme anger over this deceitful nonsense and frustration situation for fuck sake feeling extreme annoyance",English,negative,stress,-0.85
unmaiya sollanum na manasula oru periya bayam vandhudhu eppodhum overthinking ippadiye poitu irukku,Tamil (Tanglish),negative,anxiety,-0.5
inniku enaku thonuchu inniku office la work load romba athigam mudiyala thala vali aana enna panna,Tamil (Tanglish),negative,stress,-0.65
"Right now, completely serious and honest exhausted and overwhelmed by chaotic sensory stress right now hoping for the best.",English,negative,stress,-0.7
ravile muthal നിശ്ശബ്ദമായ പ്രഭാതം മനസ്സിന് കുളിർമ നൽകി. ennalum enthu cheyyaan,Malayalam,positive,calm,0.65
night padukune mundhu eroju office lo chala work load undi chala alasipoyanu nenu thaluchukuntunna,Telugu (Tenglish),negative,stress,-0.6
eeroju naaku anipinchindi results ela vasthayo ani chala tension paduthunna chala important,Telugu (Tenglish),negative,anxiety,-0.55
sathyam paranjal മനസ്സിൽ വലിയ ആകുലതയും ഭയവും നിറഞ്ഞുനിൽക്കുന്നു. manassilund,Malayalam,negative,anxiety,-0.55
sathiyama solren enaku inniki edhume pudikala romba kashtama irukku ennala mudiyala,Tamil (Tanglish),negative,sadness,-0.75
"doston ke sath baat karke आज मन में बहुत शांति और सुकून है, कोई हड़बड़ी नहीं।",Hindi,positive,calm,0.6
such me bolu toh itne saare assignments ek sath aa gaye sir dard ho raha hai,Hindi (Hinglish),negative,stress,-0.6
raathri aayappol full day busy aayirunnu thalarnnu poyi manassilund,Malayalam (Manglish),negative,stress,-0.6
"At the end of the day, i feel so happy today just putting thoughts into words.",English,positive,joy,0.85
such bolu toh dil me ajeeb si bechaini aur ghabrahat ho rahi hai zaroor accha hoga,Hindi (Hinglish),negative,anxiety,-0.55
"To be honest, gugu gaga keeping this in mind.",English,neutral,neutral,0.0
"shuruat me आज ऑफिस में काम का बहुत दबाव था, सिर दर्द हो रहा है।",Hindi,negative,stress,-0.65
overall dekha jaye toh मुझे भविष्य को लेकर बहुत चिंता और घबराहट हो रही है।,Hindi,negative,anxiety,-0.6
aarambathil grocery vaangi veettil ethi dinner kazhichu,Malayalam (Manglish),neutral,neutral,0.0
"All things considered, feeling furious, irritated and mad at everyone just putting thoughts into words.",English,negative,stress,-0.8
overall dekha jaye toh dimag bilkul kharab ho chuka hai itni tension me,Hindi (Hinglish),negative,stress,-0.7
sathyam paranjaal deadline eppol theerkkum ennu orthu valare vishamam valare pradhaanamaanu,Malayalam (Manglish),negative,stress,-0.55
doston ke sath baat karke chai pite huye shanti se baithe the zaroor accha hoga,Hindi (Hinglish),positive,calm,0.55
aaj mujhe aisa laga ki deadlines meet nahi ho pa rahi manager pressure daal raha hai dil me chal raha hai,Hindi (Hinglish),negative,stress,-0.65
Just realized that everything is bussin and so much fun moving forward regardless.,English,positive,joy,0.85
aaj mood bahut kharab hai dil bohot dukhi hai bohot zaroori hai,Hindi (Hinglish),negative,sadness,-0.75
eeroju naaku anipinchindi nammakam undi anni set aypothai kachithanga manchidi jaruguthundi,Telugu (Tenglish),positive,hopeful,0.5
such me bolu toh मुझे भविष्य को लेकर बहुत चिंता और घबराहट हो रही है। zaroor accha hoga,Hindi,negative,anxiety,-0.6
sathiyama solren kovam varudhu ellarum mela tension aaguthu romba mukkiyam,Tamil (Tanglish),negative,stress,-0.8
office ke baad मुझे भविष्य को लेकर बहुत चिंता और घबराहट हो रही है।,Hindi,negative,anxiety,-0.6
such bolu toh kal subah 10 baje meeting scheduled hai bohot zaroori hai,Hindi (Hinglish),neutral,neutral,0.0
njan innale valare santhoshavan aayirunnu friendsine kandu valare pradhaanamaanu,Malayalam (Manglish),positive,joy,0.85
inniku enaku thonuchu enna nadakuthu inga onnum puriyala romba bayama irukku ennala mudiyala,Tamil (Tanglish),negative,anxiety,-0.55
"To be honest, I am feeling really peaceful and relaxed today after my walk. trying to process it all.",English,positive,calm,0.6
such bolu toh grocery kharid ke laya aur kaam kiya,Hindi (Hinglish),neutral,neutral,0.0
overall ah paatha manasula oru periya bayam vandhudhu eppodhum overthinking kandippa nalladhu nadakkum,Tamil (Tanglish),negative,anxiety,-0.5
"Sitting quietly right now, Bought groceries, cooked dinner, and organized my desk. keeping this in mind.",English,neutral,neutral,0.0
nijanga cheppalante eroju office lo chala work load undi chala alasipoyanu chala important,Telugu (Tenglish),negative,stress,-0.6
shuruat me bohot khush hu aaj doston ke sath maza aaya dil me chal raha hai,Hindi (Hinglish),positive,joy,0.85
kaalaila irundhe கடினமான சூழலிலும் ஒரு நல்ல நம்பிக்கை மனதில் பிறக்கிறது. manasula irukku,Tamil,positive,hopeful,0.55
such bolu toh ye ho kya rha h kuch samajh nahi aa raha par kya hi kar sakte hai,Hindi (Hinglish),negative,anxiety,-0.5
"At the end of the day, blah blah blah nothing much to report just testing just putting thoughts into words.",English,neutral,neutral,0.0
friendsine kandappol aarum koode illa ottakkaya pole thonnunnu,Malayalam (Manglish),negative,sadness,-0.7
మా ఊరు పావగడ మీలాంటి వాళ్ళు కర్ణాటక కి రావాలి,Telugu,neutral,neutral,0.0
office aypoyaka eroju normal ga gadichindi peddaga em ledu,Telugu (Tenglish),neutral,neutral,0.0
"ఆఫీసులో పని ఒత్తిడి చాలా ఎక్కువగా ఉంది, నిద్ర కూడా పట్టడం లేదు. ilaane saaguthundi",Telugu,negative,stress,-0.7
sathiyama solren romba kovama irukku manasula manasula irukku,Tamil (Tanglish),negative,stress,-0.8
starting lo పనుల భారం ఎక్కువై బాగా అలసిపోయాను.,Telugu,negative,stress,-0.6
"Reflecting on today, crying quietly because everything is so shitty",English,negative,sadness,-0.8
nijanga cheppalante repu office lo meeting undi time ki vellali chala important,Telugu (Tenglish),neutral,neutral,0.0
starting lo kallalo neellu aagadam ledu chala baadha kachithanga manchidi jaruguthundi,Telugu (Tenglish),negative,sadness,-0.85
office aypoyaka future gurinchi chala positive aashaga unnanu kani em chestham,Telugu (Tenglish),positive,hopeful,0.6
friendsine kandappol innu joliyil bhayangara stress aayirunnu ottum samayam kittiyilla njan orkkunnu,Malayalam (Manglish),negative,stress,-0.65
aaj mujhe aisa laga ki dimag bilkul kharab ho chuka hai itni tension me zaroor accha hoga,Hindi (Hinglish),negative,stress,-0.7
eeroju naaku anipinchindi chala kopam vasthondi naaku andhari meeda nenu thaluchukuntunna,Telugu (Tenglish),negative,stress,-0.8
asalu cheppalante పనుల భారం ఎక్కువై బాగా అలసిపోయాను. ilaane saaguthundi,Telugu,negative,stress,-0.6
ravile muthal മനസ്സിൽ വലിയ ആകുലതയും ഭയവും നിറഞ്ഞുനിൽക്കുന്നു. njan orkkunnu,Malayalam,negative,anxiety,-0.55
"At the end of the day, hehehhe iima hold gold reoopemdx hoping for the best.",English,neutral,neutral,0.0
raathri aayappol enikku innu sankadamaanu valare vishamam ennalum enthu cheyyaan,Malayalam (Manglish),negative,sadness,-0.8
naaku ee roju em nachaledhu manasu antha baram ga undi ilaane saaguthundi,Telugu (Tenglish),negative,sadness,-0.8
joli kazhinju നാളെ എന്ത് സംഭവിക്കും എന്നോർത്ത് വലിയ പേടിയാണ്. njan orkkunnu,Malayalam,negative,anxiety,-0.6
"overall aayi nokkiyaal ഇന്ന് ഒരു സാധാരണ ദിവസമായിരുന്നു, വലിയ വിശേഷങ്ങളൊന്നുമില്ല. ennalum enthu cheyyaan",Malayalam,neutral,neutral,0.0
"Reflecting on today, crashed out over this bullshit situation ffs and that is how it feels.",English,negative,stress,-0.85
doston ke sath baat karke results ka soch kar ghabrahat ho rahi hai neend nahi aa rahi zaroor accha hoga,Hindi (Hinglish),negative,anxiety,-0.55
"Looking back at the day, i was doing my thing and i feel happy af moving forward regardless.",English,positive,joy,0.85
sathiyama solren varuthama irukku romba alone ah feel panren ippadiye poitu irukku,Tamil (Tanglish),negative,sadness,-0.75
వేలుపెట్టి గెలకండి సమ్మగా ఉంటుంది మంగలి కి,Telugu,negative,stress,-0.6
bohot dukh ho raha hai rona aa raha hai bohot zaroori hai,Hindi (Hinglish),negative,sadness,-0.8
overall aayi nokkiyaal innu valare frustrating aayirunnu pani theerkaan pattiyilla full energy theernnu,Malayalam (Manglish),negative,stress,-0.7
joli kazhinju സാധനങ്ങൾ വാങ്ങി വീട്ടിലെത്തി ഭക്ഷണം കഴിച്ചു. theerchayayum nallathu sambhavikkum,Malayalam,neutral,neutral,0.0
inniku enaku thonuchu weather normal ah cloudy ah irundhuchu,Tamil (Tanglish),neutral,neutral,0.0
sathyam paranjaal innu valare sankadam thonnunnu,Malayalam (Manglish),negative,sadness,-0.8
overall ga chusthe eeroju naaku chala baadha ga undi nenu thaluchukuntunna,Telugu (Tenglish),negative,sadness,-0.8
overall ga chusthe పనుల భారం ఎక్కువై బాగా అలసిపోయాను. manasulo undi,Telugu,negative,stress,-0.6
friendsine kandappol കൂട്ടുകാരോടൊപ്പം ചെലവഴിച്ച സമയം വളരെ ആനന്ദകരമായിരുന്നു. manassilund,Malayalam,positive,joy,0.9
night padukune mundhu konchem tough situation kani mundhu manchi rojulu vasthai kachithanga manchidi jaruguthundi,Telugu (Tenglish),positive,hopeful,0.55
"joli kazhinju ഇന്ന് എനിക്ക് വളരെ സന്തോഷം തോന്നി, എല്ലാം നല്ല രീതിയിൽ നടന്നു. ennalum enthu cheyyaan",Malayalam,positive,joy,0.85
"doston ke sath baat karke मन में बहुत उदासी और अकेलापन है, रोना आ रहा है। aage dekhte hai",Hindi,negative,sadness,-0.8
மனதில் இனம் புரியாத பயமும் பதற்றமும் நிறைந்துள்ளது. ennala mudiyala,Tamil,negative,anxiety,-0.55
night time la semma gaand aagudhu romba kovam kandippa nalladhu nadakkum,Tamil (Tanglish),negative,stress,-0.8
subah se hi subah meditation kiya mind bilkul relaxed ho gaya,Hindi (Hinglish),positive,calm,0.65
"Right now, Bought groceries, cooked dinner, and organized my desk. trying to process it all.",English,neutral,neutral,0.0
"आज का दिन सामान्य रहा, कोई खास बात नहीं हुई। dil me chal raha hai",Hindi,neutral,neutral,0.0
"Truth be told, i feel really happy today just putting thoughts into words.",English,positive,joy,0.85
overall aayi nokkiyaal weather cloudy aayirunnu routine poyikkoondirikkunnu theerchayayum nallathu sambhavikkum,Malayalam (Manglish),neutral,neutral,0.0
friends kooda pesumpodhu hard work pannina kandippa success kedaikkum namburan ippadiye poitu irukku,Tamil (Tanglish),positive,hopeful,0.5
nijanga cheppalante eeroju naaku chala baadha ga undi kachithanga manchidi jaruguthundi,Telugu (Tenglish),negative,sadness,-0.8
innu enikku thonni adipoli divasam aayirunnu full polichu theerchayayum nallathu sambhavikkum,Malayalam (Manglish),positive,joy,0.85
"At the end of the day, lost control in extreme anger over this deceitful nonsense and frustration situation for fuck sake feeling extreme annoyance just putting thoughts into words.",English,negative,stress,-0.85
Annayya ni touch chese dammu evariki ledu,Telugu,neutral,neutral,0.0
ravile muthal enikku innu sankadamaanu valare vishamam ennalum enthu cheyyaan,Malayalam (Manglish),negative,sadness,-0.8
night time la varuthama irukku romba alone ah feel panren romba mukkiyam,Tamil (Tanglish),negative,sadness,-0.75
"Sitting quietly right now, standing on business and focusing on my future keeping this in mind.",English,positive,hopeful,0.6
overall dekha jaye toh grocery kharid ke laya aur kaam kiya,Hindi (Hinglish),neutral,neutral,0.0
such me bolu toh mushkil waqt hai par umeed ki kiran hamesha rehti hai zaroor accha hoga,Hindi (Hinglish),positive,hopeful,0.6
innu manassil valare vishamam aayirunnu kannuneer vannu valare pradhaanamaanu,Malayalam (Manglish),negative,sadness,-0.85
overall ga chusthe chala badhaga undi manasu antha dukham tho nindi poyindi ilaane saaguthundi,Telugu (Tenglish),negative,sadness,-0.75
పనుల భారం ఎక్కువై బాగా అలసిపోయాను. kachithanga manchidi jaruguthundi,Telugu,negative,stress,-0.6
"Today had rough moments, but I am remaining hopeful for the future. as time goes by.",English,positive,hopeful,0.55
sathyam paranjaal interview orthu chankidikkunnu tension aavunnu theerchayayum nallathu sambhavikkum,Malayalam (Manglish),negative,anxiety,-0.5
office mudichutu enakku sogam aa irukku manasula irukku,Tamil (Tanglish),negative,sadness,-0.8
nijanga cheppalante konchem tough situation kani mundhu manchi rojulu vasthai kani em chestham,Telugu (Tenglish),positive,hopeful,0.55
sathiyama solren assignment submission time la romba stress aagudhu romba mukkiyam,Tamil (Tanglish),negative,stress,-0.6
aaj mujhe aisa laga ki thoda time lagega par sab theek ho jayega mujhe pura bharosa hai,Hindi (Hinglish),positive,hopeful,0.55
raathri aayappol naalathe kaaryam orthu valare pedi aavunnu valare pradhaanamaanu,Malayalam (Manglish),negative,anxiety,-0.6
overall aayi nokkiyaal enthanu ivide sambhavikkunnathu ennu oru manassilavilla njan orkkunnu,Malayalam (Manglish),negative,anxiety,-0.5
such me bolu toh aaj bohot udas hu dil me chal raha hai,Hindi (Hinglish),negative,sadness,-0.8
sathiyama solren interview attend panna romba nervous ah irundhuchu,Tamil (Tanglish),negative,anxiety,-0.55
overall dekha jaye toh grocery kharid ke laya aur kaam kiya aage dekhte hai,Hindi (Hinglish),neutral,neutral,0.0
"overall ah paatha இன்று எதிலும் மனம் ஈடுபடவில்லை, அழுகையாக வருகிறது. manasula irukku",Tamil,negative,sadness,-0.75
mewing in silence enjoying pure peace and solitude moving forward regardless.,English,positive,calm,0.6
"Truth be told, slayed that presentation left no crumbs feeling goated and that is how it feels.",English,positive,joy,0.95
ithu maarum ennu vishwasam undu future nannavum ennalum enthu cheyyaan,Malayalam (Manglish),positive,hopeful,0.6
"Right now, Feeling so isolated and unvalued by people around me. hoping for the best.",English,negative,sadness,-0.7
"From the morning, lost control in extreme anger over this deceitful nonsense and frustration situation for fuck sake feeling extreme annoyance moving forward regardless.",English,negative,stress,-0.85
nijanga cheppalante emi jaruguthundo asalu ardam kavatledu chala tension nenu thaluchukuntunna,Telugu (Tenglish),negative,anxiety,-0.55
eeroju naaku anipinchindi manasuki chala shanti ga anipinchindi silent evening ilaane saaguthundi,Telugu (Tenglish),positive,calm,0.55
అన్నయ్య పేరు వింటే గూస్ బమ్స్ వస్తాయ్,Telugu,neutral,neutral,0.0
sathiyama solren enaku inniki sogam aa iruku ennala mudiyala,Tamil (Tanglish),negative,sadness,-0.8
overall aayi nokkiyaal nalla oru shanthamaya divasam aayirunnu ashwasam thonnunnu,Malayalam (Manglish),positive,calm,0.6
"starting la இன்று மிகவும் மகிழ்ச்சியான நாள், எல்லோருடனும் கொண்டாடினோம்.",Tamil,positive,joy,0.85
Mari neku ఎనీ రోగాలు ఉన్నాయి మరి అక్క,Telugu,negative,stress,-0.6
doston ke sath baat karke aaj bohot frustrating din tha kaam karte karte full energy khatam ho gayi par kya hi kar sakte hai,Hindi (Hinglish),negative,stress,-0.75
udayam nunchi interview mundhu chala panic ayyanu heartbeat fast ga undi chala important,Telugu (Tenglish),negative,anxiety,-0.6
raat ko sochte huye मुझे भविष्य को लेकर बहुत चिंता और घबराहट हो रही है। aage dekhte hai,Hindi,negative,anxiety,-0.6
innu enikku thonni bhayangara deshyam varunnu kali aavunnu ennalum enthu cheyyaan,Malayalam (Manglish),negative,stress,-0.75
"Sitting quietly right now, Today was good and productive, feeling very happy and energetic! taking one step at a time.",English,positive,joy,0.8
asalu cheppalante eroju office lo chala work load undi chala alasipoyanu,Telugu (Tenglish),negative,stress,-0.6
office mudichutu just daily task update note panren aana enna panna,Tamil (Tanglish),neutral,neutral,0.0
எனக்கு இன்று மிகவும் சோகமாக இருக்கிறது. kandippa nalladhu nadakkum,Tamil,negative,sadness,-0.8
night padukune mundhu results ela vasthayo ani chala tension paduthunna,Telugu (Tenglish),negative,anxiety,-0.55
"Looking back at the day, standing on business and focusing on my future trying to process it all.",English,positive,hopeful,0.6
office mudichutu நாளைய நாள் சிறப்பாக அமையும் என்ற நம்பிக்கை உள்ளது. aana enna panna,Tamil,positive,hopeful,0.6
"To be honest, lost control in extreme anger over this deceitful nonsense and frustration situation for fuck sake feeling extreme annoyance hoping for the best.",English,negative,stress,-0.85
"such me bolu toh मन में बहुत उदासी और अकेलापन है, रोना आ रहा है। dil me chal raha hai",Hindi,negative,sadness,-0.8
ഇന്ന് വളരെ ദുഃഖം നിറഞ്ഞ ദിവസമായിരുന്നു. njan orkkunnu,Malayalam,negative,sadness,-0.75
udayam nunchi భవిష్యత్తుపై గొప్ప ఆశ మరియు నమ్మకం ఉన్నాయి. ilaane saaguthundi,Telugu,positive,hopeful,0.6
joli kazhinju enikku innu sankadamaanu valare vishamam njan orkkunnu,Malayalam (Manglish),negative,sadness,-0.8
kaalaila irundhe nimmathiya irukku manasu romba relaxed aana enna panna,Tamil (Tanglish),positive,calm,0.65
Anna nuvu vara level ante,Telugu,neutral,neutral,0.0
shuruat me dil me ajeeb si bechaini aur ghabrahat ho rahi hai,Hindi (Hinglish),negative,anxiety,-0.55
dil toot sa gaya hai kuch accha nahi lag raha bohot zaroori hai,Hindi (Hinglish),negative,sadness,-0.8
such bolu toh results ka soch kar ghabrahat ho rahi hai neend nahi aa rahi,Hindi (Hinglish),negative,anxiety,-0.55
friends tho matladinapudu emi jaruguthundo asalu ardam kavatledu chala tension chala important,Telugu (Tenglish),negative,anxiety,-0.55
dil me ajeeb si bechaini aur ghabrahat ho rahi hai par kya hi kar sakte hai,Hindi (Hinglish),negative,anxiety,-0.55
aarambathil നിശ്ശബ്ദമായ പ്രഭാതം മനസ്സിന് കുളിർമ നൽകി. valare pradhaanamaanu,Malayalam,positive,calm,0.65
friendsine kandappol innu sadharana divasam aayirunnu vishashangal onnum illa njan orkkunnu,Malayalam (Manglish),neutral,neutral,0.0
aaj mujhe aisa laga ki bohot khush hu aaj doston ke sath maza aaya zaroor accha hoga,Hindi (Hinglish),positive,joy,0.85
starting lo భవిష్యత్తుపై గొప్ప ఆశ మరియు నమ్మకం ఉన్నాయి.,Telugu,positive,hopeful,0.6
"shuruat me आज का दिन बहुत शानदार रहा, परिवार के साथ बहुत खुशी मिली। bohot zaroori hai",Hindi,positive,joy,0.85
night time la grocery vaangitu vandhu dinner saaptom romba mukkiyam,Tamil (Tanglish),neutral,neutral,0.0
grocery kharid ke laya aur kaam kiya aage dekhte hai,Hindi (Hinglish),neutral,neutral,0.0
starting lo naaku ee roju em nachaledhu manasu antha baram ga undi ilaane saaguthundi,Telugu (Tenglish),negative,sadness,-0.8
night time la exam pathi nenachaale romba bayama irukku onnum padikala ippadiye poitu irukku,Tamil (Tanglish),negative,anxiety,-0.6
coffee thaguthu balcony lo relax ayyanu kachithanga manchidi jaruguthundi,Telugu (Tenglish),positive,calm,0.6
overall ga chusthe eroju regular ga gadichindi routine pani manasulo undi,Telugu (Tenglish),neutral,neutral,0.0
aarambathil manassil valare aashwasam thonnunnu silent day manassilund,Malayalam (Manglish),positive,calm,0.55
friends kooda pesumpodhu வெற்றி கிடைத்ததால் அளவில்லாத மகிழ்ச்சி அடைந்தேன். ippadiye poitu irukku,Tamil,positive,joy,0.9
inniku enaku thonuchu konjam tough time dhaan aana kandippa nalla mudiyum nambikai irukku ippadiye poitu irukku,Tamil (Tanglish),positive,hopeful,0.55
night time la ellam pochu nu thonudhu enna panna poren kandippa nalladhu nadakkum,Tamil (Tanglish),negative,sadness,-0.7
such me bolu toh thoda time lagega par sab theek ho jayega mujhe pura bharosa hai zaroor accha hoga,Hindi (Hinglish),positive,hopeful,0.55
such me bolu toh मुश्किल समय में भी उम्मीद की किरण दिखाई देती है। zaroor accha hoga,Hindi,positive,hopeful,0.6
inniki romba sogama iruku manasula irukku,Tamil (Tanglish),negative,sadness,-0.8
"Overall feeling, Today had rough moments, but I am remaining hopeful for the future. moving forward regardless.",English,positive,hopeful,0.55
"Sitting quietly right now, succeeded brilliantly with joy that presentation did something completely perfectly feeling greatest of all time and amazing and that is how it feels.",English,positive,joy,0.95
night padukune mundhu naaku chala bagundi ilaane saaguthundi,Telugu (Tenglish),positive,joy,0.85
friendsine kandappol innu manassil valare vishamam aayirunnu kannuneer vannu valare pradhaanamaanu,Malayalam (Manglish),negative,sadness,-0.85
such bolu toh weather normal hai thodi thand hai dil me chal raha hai,Hindi (Hinglish),neutral,neutral,0.0
"shuruat me आज का दिन बहुत शानदार रहा, परिवार के साथ बहुत खुशी मिली।",Hindi,positive,joy,0.85
aaj mujhe aisa laga ki weather normal hai thodi thand hai,Hindi (Hinglish),neutral,neutral,0.0
night padukune mundhu rojantha kashtapadi body motham alasata ga noppulu ga undi kachithanga manchidi jaruguthundi,Telugu (Tenglish),negative,stress,-0.55
sathyam paranjal innu valare frustrating aayirunnu pani theerkaan pattiyilla full energy theernnu theerchayayum nallathu sambhavikkum,Malayalam (Manglish),negative,stress,-0.7
"At the end of the day, So nervous and anxious about the interview results. hoping for the best.",English,negative,anxiety,-0.55
kaalaila irundhe inniku office la work load romba athigam mudiyala thala vali romba mukkiyam,Tamil (Tanglish),negative,stress,-0.65
"All things considered, staying silent with focused posture in silence enjoying pure peace and solitude taking one step at a time.",English,positive,calm,0.6
raat ko sochte huye मुझे भविष्य को लेकर बहुत चिंता और घबराहट हो रही है। zaroor accha hoga,Hindi,negative,anxiety,-0.6
innu enikku thonni നാളെ എന്ത് സംഭവിക്കും എന്നോർത്ത് വലിയ പേടിയാണ്. ennalum enthu cheyyaan,Malayalam,negative,anxiety,-0.6
night padukune mundhu project complete ayindi chala aanandam ga undi kani em chestham,Telugu (Tenglish),positive,joy,0.8
"Sitting quietly right now, feeling down bad and completely heartbroken and that is how it feels.",English,negative,sadness,-0.85
sathyam paranjal innathe divasam valare nallathayirunnu santhosham thonni,Malayalam (Manglish),positive,joy,0.8
such me bolu toh aaj ka din bohot accha raha celebration hua zaroor accha hoga,Hindi (Hinglish),positive,joy,0.8
raat ko sochte huye aaj ka din bohot accha raha celebration hua bohot zaroori hai,Hindi (Hinglish),positive,joy,0.8
emi jaruguthundo asalu ardam kavatledu chala tension chala important,Telugu (Tenglish),negative,anxiety,-0.55
"aaj mujhe aisa laga ki आज का दिन बहुत शानदार रहा, परिवार के साथ बहुत खुशी मिली। aage dekhte hai",Hindi,positive,joy,0.85
inniku enaku thonuchu future enna aagumo nu romba bayama iruku kandippa nalladhu nadakkum,Tamil (Tanglish),negative,anxiety,-0.65
kaalaila irundhe ellam pochu nu thonudhu enna panna poren ennala mudiyala,Tamil (Tanglish),negative,sadness,-0.7
"Sitting quietly right now, we are so back huge w celebration today hoping for the best.",English,positive,joy,0.9
office ke baad मुश्किल समय में भी उम्मीद की किरण दिखाई देती है। aage dekhte hai,Hindi,positive,hopeful,0.6
sathyam paranjaal weather cloudy aayirunnu routine poyikkoondirikkunnu,Malayalam (Manglish),neutral,neutral,0.0
ravile muthal enikku innu onnum ishtamayilla manassu thakarnnu ennalum enthu cheyyaan,Malayalam (Manglish),negative,sadness,-0.75
కష్టాలు దాటి మంచి రోజులు వస్తాయని ఆశిస్తున్నాను.,Telugu,positive,hopeful,0.55
eeroju naaku anipinchindi naaku ee roju em nachaledhu manasu antha baram ga undi chala important,Telugu (Tenglish),negative,sadness,-0.8
"Looking back at the day, Exhausted from back to back meetings and relentless deadlines. just putting thoughts into words.",English,negative,stress,-0.65
Continuous deadlines nala thala vali edukuthu romba stress kandippa nalladhu nadakkum,Tamil (Tanglish),negative,stress,-0.7
joli kazhinju naale meeting undu athinte kaaryangal nokki,Malayalam (Manglish),neutral,neutral,0.0
overall ah paatha semma gaandu and irritated ah irukku aana enna panna,Tamil (Tanglish),negative,stress,-0.75
raat ko sochte huye bohot gussa aa raha hai dimag phat raha hai dil me chal raha hai,Hindi (Hinglish),negative,stress,-0.8
overall ah paatha Full day busy ah irundhu romba exhausted aayiten kandippa nalladhu nadakkum,Tamil (Tanglish),negative,stress,-0.55
డోస్ పెంచాలి ఒకేసారి పదిమంది తో పడుకున్నా సరిపోవడం లేదు ఇంకాస్త పెంచాలి,Telugu,negative,stress,-0.6
inniku enaku thonuchu enaku inniki sogama iruku ennala mudiyala,Tamil (Tanglish),negative,sadness,-0.8
"unmaiya sollanum na இன்று வேலை அழுத்தம் தாங்க முடியவில்லை, மிகவும் சிரமமாக உள்ளது. romba mukkiyam",Tamil,negative,stress,-0.65
overall dekha jaye toh thoda time lagega par sab theek ho jayega mujhe pura bharosa hai par kya hi kar sakte hai,Hindi (Hinglish),positive,hopeful,0.55
overall ga chusthe కష్టాలు దాటి మంచి రోజులు వస్తాయని ఆశిస్తున్నాను. manasulo undi,Telugu,positive,hopeful,0.55
asalu cheppalante interview mundhu chala panic ayyanu heartbeat fast ga undi chala important,Telugu (Tenglish),negative,anxiety,-0.6
night time la assignment submission time la romba stress aagudhu,Tamil (Tanglish),negative,stress,-0.6
"starting lo ఆఫీసులో పని ఒత్తిడి చాలా ఎక్కువగా ఉంది, నిద్ర కూడా పట్టడం లేదు. ilaane saaguthundi",Telugu,negative,stress,-0.7
"such me bolu toh आज ऑफिस में काम का बहुत दबाव था, सिर दर्द हो रहा है।",Hindi,negative,stress,-0.65
sathiyama solren enaku inniki sogama iruku aana enna panna,Tamil (Tanglish),negative,sadness,-0.8
inniku enaku thonuchu காலையில் நடைப்பயிற்சி சென்று விட்டு மளிகை பொருட்கள் வாங்கினேன். romba mukkiyam,Tamil,neutral,neutral,0.0
night padukune mundhu naaku chala badhaga undi ilaane saaguthundi,Telugu (Tenglish),negative,sadness,-0.8
shuruat me aaj bohot frustrating din tha kaam karte karte full energy khatam ho gayi dil me chal raha hai,Hindi (Hinglish),negative,stress,-0.75
"Looking back at the day, feeling super happy and energized today hoping for the best.",English,positive,joy,0.9
lanja laga vunnav,Telugu,negative,stress,-0.6
unmaiya sollanum na semma tired and exhausted ah irukku work pressure kandippa nalladhu nadakkum,Tamil (Tanglish),negative,stress,-0.7
inniku enaku thonuchu sema jolly ah irundhuchu vera level day ippadiye poitu irukku,Tamil (Tanglish),positive,joy,0.85
Akka annadi photo pettu chudam,Telugu,neutral,neutral,0.0
overall ah paatha semma gaandu and irritated ah irukku ennala mudiyala,Tamil (Tanglish),negative,stress,-0.75
night padukune mundhu future gurinchi chala bhayam ga undi emi cheyalo telidu ilaane saaguthundi,Telugu (Tenglish),negative,anxiety,-0.6
aaj mujhe aisa laga ki thoda time lagega par sab theek ho jayega mujhe pura bharosa hai zaroor accha hoga,Hindi (Hinglish),positive,hopeful,0.55
doston ke sath baat karke bohot dukh ho raha hai rona aa raha hai,Hindi (Hinglish),negative,sadness,-0.8
joli kazhinju naalathe kaaryam orthu valare pedi aavunnu theerchayayum nallathu sambhavikkum,Malayalam (Manglish),negative,anxiety,-0.6
unmaiya sollanum na அதிகப்படியான வேலைப்பளு காரணமாக தலைவலியும் சோர்வும் ஏற்பட்டுள்ளது. ippadiye poitu irukku,Tamil,negative,stress,-0.6
ravile muthal പ്രതിസന്ധികൾക്കിടയിലും പുതിയൊരു പ്രത്യാശ തോന്നുന്നു. njan orkkunnu,Malayalam,positive,hopeful,0.6
sick of this extremely deceitful nonsense and frustration happening every day and that is how it feels.,English,negative,stress,-0.85
ravile muthal innu joliyil bhayangara stress aayirunnu ottum samayam kittiyilla,Malayalam (Manglish),negative,stress,-0.65
"Looking back at the day, Feeling grounded, mindful, and completely at peace with myself. taking one step at a time.",English,positive,calm,0.7
such me bolu toh weather normal hai thodi thand hai,Hindi (Hinglish),neutral,neutral,0.0
night padukune mundhu eroju chala santhosham ga undi full enjoy chesamu chala important,Telugu (Tenglish),positive,joy,0.85
eeroju naaku anipinchindi భవిష్యత్తు గురించి ఆలోచిస్తుంటే చాలా భయం మరియు ఆందోళన వేస్తుంది. kachithanga manchidi jaruguthundi,Telugu,negative,anxiety,-0.6
"unmaiya sollanum na இன்று ஒரு சாதாரண நாள், வழக்கமான வேலைகள் முடிந்தன. kandippa nalladhu nadakkum",Tamil,neutral,neutral,0.0
"Right now, The weather was cloudy and normal today. taking one step at a time.",English,neutral,neutral,0.0
overall ga chusthe just regular daily note rastunnanu kachithanga manchidi jaruguthundi,Telugu (Tenglish),neutral,neutral,0.0
overall ga chusthe panulu anni okesari vachi chala pressure ga anipinchindi chala important,Telugu (Tenglish),negative,stress,-0.65
starting lo just regular daily note rastunnanu ilaane saaguthundi,Telugu (Tenglish),neutral,neutral,0.0
"Reflecting on today, slayed that presentation left no crumbs feeling goated taking one step at a time.",English,positive,joy,0.95
overall dekha jaye toh aaj office me bahut jyada stress tha kaam ka bojh badh gaya bohot zaroori hai,Hindi (Hinglish),negative,stress,-0.65
overall ga chusthe eroju chala frustrating ga undi work lo problems vachi full energy aypoyindi ilaane saaguthundi,Telugu (Tenglish),negative,stress,-0.7
unmaiya sollanum na sema jolly ah irundhuchu vera level day aana enna panna,Tamil (Tanglish),positive,joy,0.85
"Looking back at the day, i am sad keeping this in mind.",English,negative,sadness,-0.8
inniku enaku thonuchu enaku inniki edhume pudikala romba kashtama irukku kandippa nalladhu nadakkum,Tamil (Tanglish),negative,sadness,-0.75
sathyam paranjal nalathe divasam nallathavum ennu njan aashikkunnu valare pradhaanamaanu,Malayalam (Manglish),positive,hopeful,0.5
overall ah paatha இன்று மனம் மிகவும் அமைதியாகவும் நிம்மதியாகவும் உள்ளது. romba mukkiyam,Tamil,positive,calm,0.6
subah se hi aaj ka din bohot accha raha celebration hua dil me chal raha hai,Hindi (Hinglish),positive,joy,0.8
friends tho matladinapudu నాడీ కొట్టుకోవడం ఎక్కువై చాలా ఆందోళనగా ఉంది. kachithanga manchidi jaruguthundi,Telugu,negative,anxiety,-0.65
asalu cheppalante nammakam undi anni set aypothai kachithanga manchidi jaruguthundi,Telugu (Tenglish),positive,hopeful,0.5
overall ah paatha enaku inniki edhume pudikala romba kashtama irukku ennala mudiyala,Tamil (Tanglish),negative,sadness,-0.75
joli kazhinju മനസ്സിൽ വലിയ ആകുലതയും ഭയവും നിറഞ്ഞുനിൽക്കുന്നു. theerchayayum nallathu sambhavikkum,Malayalam,negative,anxiety,-0.55
overall ga chusthe kallalo neellu aagadam ledu chala baadha ilaane saaguthundi,Telugu (Tenglish),negative,sadness,-0.85
unmaiya sollanum na manasula oru periya bayam vandhudhu eppodhum overthinking manasula irukku,Tamil (Tanglish),negative,anxiety,-0.5
starting lo kallalo neellu aagadam ledu chala baadha nenu thaluchukuntunna,Telugu (Tenglish),negative,sadness,-0.85
i feel really happy today moving forward regardless.,English,positive,joy,0.85
"aarambathil ഇന്ന് ഒരു സാധാരണ ദിവസമായിരുന്നു, വലിയ വിശേഷങ്ങളൊന്നുമില്ല. theerchayayum nallathu sambhavikkum",Malayalam,neutral,neutral,0.0
"Overall feeling, slayed that presentation left no crumbs feeling goated and that is how it feels.",English,positive,joy,0.95
"From the morning, so annoying and frustrating everything went wrong hoping for the best.",English,negative,stress,-0.75
"Right now, What is even happening right now, I feel so lost and confused. hoping for the best.",English,negative,anxiety,-0.5
office aypoyaka సరుకులు కొని రాత్రి భోజనం పూర్తి చేశాను. kani em chestham,Telugu,neutral,neutral,0.0
raathri aayappol കൂട്ടുകാരോടൊപ്പം ചെലവഴിച്ച സമയം വളരെ ആനന്ദകരമായിരുന്നു. ennalum enthu cheyyaan,Malayalam,positive,joy,0.9
dil toot sa gaya hai kuch accha nahi lag raha aage dekhte hai,Hindi (Hinglish),negative,sadness,-0.8
such bolu toh aaj mood bahut kharab hai dil bohot dukhi hai bohot zaroori hai,Hindi (Hinglish),negative,sadness,-0.75
"Lately, literally losing control from extreme stress and fury right now so mad and overwhelmed keeping this in mind.",English,negative,stress,-0.85
unmaiya sollanum na exam pathi nenachaale romba bayama irukku onnum padikala manasula irukku,Tamil (Tanglish),negative,anxiety,-0.6
Emi echavaa  Andaru neelagaa nakaru,Telugu,negative,stress,-0.6
nijanga cheppalante future gurinchi chala bhayam ga undi emi cheyalo telidu kani em chestham,Telugu (Tenglish),negative,anxiety,-0.6
"shuruat me आज का दिन बहुत शानदार रहा, परिवार के साथ बहुत खुशी मिली। par kya hi kar sakte hai",Hindi,positive,joy,0.85
shuruat me mujhe bhavishya ko lekar bohot chinta hai bohot zaroori hai,Hindi (Hinglish),negative,anxiety,-0.6
acting extremely anxious and panic stricken over these deadlines so nervous and stressed trying to process it all.,English,negative,anxiety,-0.65
unmaiya sollanum na starting la kashtam dhaan aana ippo nalla improve aagudhu ippadiye poitu irukku,Tamil (Tanglish),mixed,hopeful,0.45
aarambathil സാധനങ്ങൾ വാങ്ങി വീട്ടിലെത്തി ഭക്ഷണം കഴിച്ചു. ennalum enthu cheyyaan,Malayalam,neutral,neutral,0.0
"raathri aayappol ഇന്ന് എനിക്ക് വളരെ സന്തോഷം തോന്നി, എല്ലാം നല്ല രീതിയിൽ നടന്നു. theerchayayum nallathu sambhavikkum",Malayalam,positive,joy,0.85
nijanga cheppalante groceries thechi dinner chesukuni padukunna kachithanga manchidi jaruguthundi,Telugu (Tenglish),neutral,neutral,0.0
nijanga cheppalante ontariga anipistondi andharu dooram aypoyaru chala important,Telugu (Tenglish),negative,sadness,-0.7
"To be honest, feeling super happy and energized today",English,positive,joy,0.9
udayam nunchi naaku ee roju em nachaledhu manasu antha baram ga undi,Telugu (Tenglish),negative,sadness,-0.8
overall ah paatha chai kudichutu peaceful ah book padichen,Tamil (Tanglish),positive,calm,0.6
"To be honest, My chest feels tight and I cannot stop overthinking every little detail. and that is how it feels.",English,negative,anxiety,-0.7
asalu cheppalante naaku chaala bagundi kani em chestham,Telugu (Tenglish),positive,joy,0.85
such me bolu toh aaj bohot frustrating din tha kaam karte karte full energy khatam ho gayi,Hindi (Hinglish),negative,stress,-0.75
"All things considered, Overloaded with work and feel utterly stressed and fatigued. as time goes by.",English,negative,stress,-0.65
friends tho matladinapudu భవిష్యత్తుపై గొప్ప ఆశ మరియు నమ్మకం ఉన్నాయి.,Telugu,positive,hopeful,0.6
"Lately, just random text nonsense wordplay and testing notes moving forward regardless.",English,neutral,neutral,0.0
overall aayi nokkiyaal naale meeting undu athinte kaaryangal nokki valare pradhaanamaanu,Malayalam (Manglish),neutral,neutral,0.0
raat ko sochte huye dil me ajeeb si bechaini aur ghabrahat ho rahi hai,Hindi (Hinglish),negative,anxiety,-0.55
inniku enaku thonuchu கடினமான சூழலிலும் ஒரு நல்ல நம்பிக்கை மனதில் பிறக்கிறது.,Tamil,positive,hopeful,0.55
such me bolu toh mujhe bhavishya ko lekar bohot chinta hai aage dekhte hai,Hindi (Hinglish),negative,anxiety,-0.6
sathyam paranjal നിശ്ശബ്ദമായ പ്രഭാതം മനസ്സിന് കുളിർമ നൽകി. ennalum enthu cheyyaan,Malayalam,positive,calm,0.65
raat ko sochte huye aaj office me bahut jyada stress tha kaam ka bojh badh gaya,Hindi (Hinglish),negative,stress,-0.65
"Lately, Bought groceries, in serious distress and trouble dinner, and organized my desk. just putting thoughts into words.",English,neutral,neutral,0.0
friends kooda pesumpodhu Inniku romba frustrating ah irundhuchu work mudiyala full energy poiduchu,Tamil (Tanglish),negative,stress,-0.7
overall aayi nokkiyaal nalathe divasam nallathavum ennu njan aashikkunnu valare pradhaanamaanu,Malayalam (Manglish),positive,hopeful,0.5
such me bolu toh aaj phir se rona aa gaya sab kuch chhoot gaya dil me chal raha hai,Hindi (Hinglish),negative,sadness,-0.85
sathiyama solren starting la kashtam dhaan aana ippo nalla improve aagudhu ippadiye poitu irukku,Tamil (Tanglish),mixed,hopeful,0.45
innu enikku thonni aarum koode illa ottakkaya pole thonnunnu theerchayayum nallathu sambhavikkum,Malayalam (Manglish),negative,sadness,-0.7
"such bolu toh आज का दिन बहुत शानदार रहा, परिवार के साथ बहुत खुशी मिली। bohot zaroori hai",Hindi,positive,joy,0.85
sathiyama solren நாளைய நாள் சிறப்பாக அமையும் என்ற நம்பிக்கை உள்ளது. ippadiye poitu irukku,Tamil,positive,hopeful,0.6
ప్రకృతి మధ్యలో ప్రశాంతమైన క్షణాలు గడిపాను. kachithanga manchidi jaruguthundi,Telugu,positive,calm,0.65
asalu cheppalante results ela vasthayo ani chala tension paduthunna kachithanga manchidi jaruguthundi,Telugu (Tenglish),negative,anxiety,-0.55
eeroju naaku anipinchindi groceries thechi dinner chesukuni padukunna ilaane saaguthundi,Telugu (Tenglish),neutral,neutral,0.0
sathyam paranjal ithu maarum ennu vishwasam undu future nannavum,Malayalam (Manglish),positive,hopeful,0.6
sathiyama solren manasu fulla sogam thonudhu aana enna panna,Tamil (Tanglish),negative,sadness,-0.8
ravile muthal കൂട്ടുകാരോടൊപ്പം ചെലവഴിച്ച സമയം വളരെ ആനന്ദകരമായിരുന്നു.,Malayalam,positive,joy,0.9
such me bolu toh results ka soch kar ghabrahat ho rahi hai neend nahi aa rahi par kya hi kar sakte hai,Hindi (Hinglish),negative,anxiety,-0.55
raat ko sochte huye mushkil waqt hai par umeed ki kiran hamesha rehti hai,Hindi (Hinglish),positive,hopeful,0.6
shuruat me dimag bilkul kharab ho chuka hai itni tension me aage dekhte hai,Hindi (Hinglish),negative,stress,-0.7
nijanga cheppalante emi jaruguthundo asalu ardam kavatledu chala tension nenu thaluchukuntunna,Telugu (Tenglish),negative,anxiety,-0.55
unmaiya sollanum na weather normal ah cloudy ah irundhuchu manasula irukku,Tamil (Tanglish),neutral,neutral,0.0
such bolu toh मुश्किल समय में भी उम्मीद की किरण दिखाई देती है। dil me chal raha hai,Hindi,positive,hopeful,0.6
such me bolu toh dil toot sa gaya hai kuch accha nahi lag raha par kya hi kar sakte hai,Hindi (Hinglish),negative,sadness,-0.8
friends tho matladinapudu naaku assalu nachatledu chala badhaga undi,Telugu (Tenglish),negative,sadness,-0.75
eeroju naaku anipinchindi interview mundhu chala panic ayyanu heartbeat fast ga undi manasulo undi,Telugu (Tenglish),negative,anxiety,-0.6
dimag bilkul kharab ho chuka hai itni tension me bohot zaroori hai,Hindi (Hinglish),negative,stress,-0.7
shuruat me dil me ajeeb si bechaini aur ghabrahat ho rahi hai bohot zaroori hai,Hindi (Hinglish),negative,anxiety,-0.55
nijanga cheppalante eeroju naaku chala baadha ga undi ilaane saaguthundi,Telugu (Tenglish),negative,sadness,-0.8
overall ah paatha semma gaandu and irritated ah irukku ippadiye poitu irukku,Tamil (Tanglish),negative,stress,-0.75
eeroju naaku anipinchindi ఈ రోజు మనసు చాలా ప్రశాంతంగా మరియు నిశ్శబ్దంగా ఉంది. ilaane saaguthundi,Telugu,positive,calm,0.6
doston ke sath baat karke akela pan bohot sata raha hai koi baat karne wala nahi par kya hi kar sakte hai,Hindi (Hinglish),negative,sadness,-0.7
"Looking back at the day, Overloaded with work and feel utterly stressed and fatigued. and that is how it feels.",English,negative,stress,-0.65
joli kazhinju ravile meditation cheythu mind fresh aayi theerchayayum nallathu sambhavikkum,Malayalam (Manglish),positive,calm,0.65
innu enikku thonni enikku innu sankadamaanu valare vishamam njan orkkunnu,Malayalam (Manglish),negative,sadness,-0.8
"Reflecting on today, feeling furious, irritated and mad at everyone keeping this in mind.",English,negative,stress,-0.8
aarambathil കൂട്ടുകാരോടൊപ്പം ചെലവഴിച്ച സമയം വളരെ ആനന്ദകരമായിരുന്നു. valare pradhaanamaanu,Malayalam,positive,joy,0.9
thoda time lagega par sab theek ho jayega mujhe pura bharosa hai dil me chal raha hai,Hindi (Hinglish),positive,hopeful,0.55
"From the morning, crying quietly because everything is so terrible, depressing, and miserable trying to process it all.",English,negative,sadness,-0.8
"udayam nunchi ఈ రోజు చాలా బాధగా మరియు ఒంటరిగా ఉంది, మనసంతా భారంగా ఉంది. chala important",Telugu,negative,sadness,-0.8
starting la night thookame varama bayama irukku mind full ah running kandippa nalladhu nadakkum,Tamil (Tanglish),negative,anxiety,-0.55
overall dekha jaye toh aaj office me bahut jyada stress tha kaam ka bojh badh gaya dil me chal raha hai,Hindi (Hinglish),negative,stress,-0.65
exam orthu manassil aakulam thonnikunnu night sleep illa manassilund,Malayalam (Manglish),negative,anxiety,-0.55
unmaiya sollanum na grocery vaangitu vandhu dinner saaptom aana enna panna,Tamil (Tanglish),neutral,neutral,0.0
unmaiya sollanum na assignment submission time la romba stress aagudhu romba mukkiyam,Tamil (Tanglish),negative,stress,-0.6
sathiyama solren nimmathiya irukku manasu romba relaxed ippadiye poitu irukku,Tamil (Tanglish),positive,calm,0.65
asalu cheppalante panulu anni okesari vachi chala pressure ga anipinchindi manasulo undi,Telugu (Tenglish),negative,stress,-0.65
eeroju naaku anipinchindi naaku chala bagundi,Telugu (Tenglish),positive,joy,0.85
inniku enaku thonuchu romba kovama irukku manasula aana enna panna,Tamil (Tanglish),negative,stress,-0.8
udayam nunchi naaku chaala bagundi manasulo undi,Telugu (Tenglish),positive,joy,0.85
kaalaila irundhe enaku inniki edhume pudikala romba kashtama irukku manasula irukku,Tamil (Tanglish),negative,sadness,-0.75
asalu cheppalante kallalo neellu aagadam ledu chala baadha kani em chestham,Telugu (Tenglish),negative,sadness,-0.85
"From the morning, Bought groceries, cooked dinner, and organized my desk. moving forward regardless.",English,neutral,neutral,0.0
friends tho matladinapudu నాడీ కొట్టుకోవడం ఎక్కువై చాలా ఆందోళనగా ఉంది. ilaane saaguthundi,Telugu,negative,anxiety,-0.65
friends kooda pesumpodhu night thookame varama bayama irukku mind full ah running romba mukkiyam,Tamil (Tanglish),negative,anxiety,-0.55
innu enikku thonni ജോലിയിലെ അമിത ജോലിഭാരം കാരണം തളർന്നുപോയി. ennalum enthu cheyyaan,Malayalam,negative,stress,-0.65
office aypoyaka eroju chala frustrating ga undi work lo problems vachi full energy aypoyindi kachithanga manchidi jaruguthundi,Telugu (Tenglish),negative,stress,-0.7
overall aayi nokkiyaal aarum koode illa ottakkaya pole thonnunnu njan orkkunnu,Malayalam (Manglish),negative,sadness,-0.7
"இன்று ஒரு சாதாரண நாள், வழக்கமான வேலைகள் முடிந்தன.",Tamil,neutral,neutral,0.0
"To be honest, Meeting scheduled for 3 PM tomorrow afternoon. and that is how it feels.",English,neutral,neutral,0.0
chai kudichutu peaceful ah book padichen manasula irukku,Tamil (Tanglish),positive,calm,0.6
"such me bolu toh मन में बहुत उदासी और अकेलापन है, रोना आ रहा है। zaroor accha hoga",Hindi,negative,sadness,-0.8
office mudichutu beach la silent ah kaathula ukaandhen romba amaidhi aana enna panna,Tamil (Tanglish),positive,calm,0.65
office mudichutu enaku inniki sogama iruku romba mukkiyam,Tamil (Tanglish),negative,sadness,-0.8
innu enikku thonni bhayangara deshyam varunnu kali aavunnu manassilund,Malayalam (Manglish),negative,stress,-0.75
starting la கடினமான சூழலிலும் ஒரு நல்ல நம்பிக்கை மனதில் பிறக்கிறது.,Tamil,positive,hopeful,0.55
night time la future enna aagumo nu romba bayama iruku romba mukkiyam,Tamil (Tanglish),negative,anxiety,-0.65
joli kazhinju enthanu ivide sambhavikkunnathu ennu oru manassilavilla valare pradhaanamaanu,Malayalam (Manglish),negative,anxiety,-0.5
mujhe future ko lekar bahut anxiety aur tension ho rahi hai aage dekhte hai,Hindi (Hinglish),negative,anxiety,-0.6
feeling down bad and completely heartbroken taking one step at a time.,English,negative,sadness,-0.85
friends tho matladinapudu groceries thechi dinner chesukuni padukunna kachithanga manchidi jaruguthundi,Telugu (Tenglish),neutral,neutral,0.0
raathri aayappol കൂട്ടുകാരോടൊപ്പം ചെലവഴിച്ച സമയം വളരെ ആനന്ദകരമായിരുന്നു. manassilund,Malayalam,positive,joy,0.9
office ke baad aaj mood bahut kharab hai dil bohot dukhi hai,Hindi (Hinglish),negative,sadness,-0.75
"Overall feeling, gugu gaga just putting thoughts into words.",English,neutral,neutral,0.0
doston ke sath baat karke dil toot sa gaya hai kuch accha nahi lag raha aage dekhte hai,Hindi (Hinglish),negative,sadness,-0.8
friends kooda pesumpodhu just daily task update note panren manasula irukku,Tamil (Tanglish),neutral,neutral,0.0
night padukune mundhu coffee thaguthu balcony lo relax ayyanu nenu thaluchukuntunna,Telugu (Tenglish),positive,calm,0.6
inniku enaku thonuchu romba kashtama irukku yaarum kooda illa thoniya iruken,Tamil (Tanglish),negative,sadness,-0.75
Masooda fancy store lo konnava..,Telugu,neutral,neutral,0.0
udayam nunchi eroju office lo chala work load undi chala alasipoyanu ilaane saaguthundi,Telugu (Tenglish),negative,stress,-0.6
aaj mujhe aisa laga ki aaj man me bohot sukoon aur shanti mehsoos ho rahi hai,Hindi (Hinglish),positive,calm,0.6
friendsine kandappol innu sadharana divasam aayirunnu vishashangal onnum illa,Malayalam (Manglish),neutral,neutral,0.0
overall ga chusthe starting lo kastam ga anipinchindi kani ipudu baga improve ayyindi,Telugu (Tenglish),mixed,hopeful,0.45
such bolu toh akela pan bohot sata raha hai koi baat karne wala nahi dil me chal raha hai,Hindi (Hinglish),negative,sadness,-0.7
"overall ga chusthe ఆఫీసులో పని ఒత్తిడి చాలా ఎక్కువగా ఉంది, నిద్ర కూడా పట్టడం లేదు. chala important",Telugu,negative,stress,-0.7
sathyam paranjal പ്രതിസന്ധികൾക്കിടയിലും പുതിയൊരു പ്രത്യാശ തോന്നുന്നു. njan orkkunnu,Malayalam,positive,hopeful,0.6
i was doing my thing and i feel happy af hoping for the best.,English,positive,joy,0.85
aarambathil innu joliyil bhayangara stress aayirunnu ottum samayam kittiyilla ennalum enthu cheyyaan,Malayalam (Manglish),negative,stress,-0.65
sathyam paranjaal innu joliyil bhayangara stress aayirunnu ottum samayam kittiyilla ennalum enthu cheyyaan,Malayalam (Manglish),negative,stress,-0.65
itne saare assignments ek sath aa gaye sir dard ho raha hai aage dekhte hai,Hindi (Hinglish),negative,stress,-0.6
unmaiya sollanum na kovam varudhu ellarum mela tension aaguthu romba mukkiyam,Tamil (Tanglish),negative,stress,-0.8
"Honestly speaking, Feeling grounded, mindful, and completely at peace with myself. as time goes by.",English,positive,calm,0.7
inniku enaku thonuchu enaku inniki sogama irukku manasula irukku,Tamil (Tanglish),negative,sadness,-0.8
starting lo pichi lesthondi chala kopam ga undi kachithanga manchidi jaruguthundi,Telugu (Tenglish),negative,stress,-0.8
"In all fairness, Feeling overwhelming anxiety and dread about tomorrow's presentation. taking one step at a time.",English,negative,anxiety,-0.65
subah se hi weather normal hai thodi thand hai bohot zaroori hai,Hindi (Hinglish),neutral,neutral,0.0
overall ah paatha project pass aayiduchu romba santhosham kandippa nalladhu nadakkum,Tamil (Tanglish),positive,joy,0.9
"Looking back at the day, A fresh start and positive expectations for the coming days. trying to process it all.",English,positive,hopeful,0.65
"Truth be told, Heavy chest and unable to find joy in anything today.",English,negative,sadness,-0.85
office mudichutu inniku office la work load romba athigam mudiyala thala vali ippadiye poitu irukku,Tamil (Tanglish),negative,stress,-0.65
"Right now, The weather was cloudy and normal today. and that is how it feels.",English,neutral,neutral,0.0
overall ga chusthe future gurinchi chala bhayam ga undi emi cheyalo telidu manasulo undi,Telugu (Tenglish),negative,anxiety,-0.6
innu enikku thonni aarum koode illa ottakkaya pole thonnunnu ennalum enthu cheyyaan,Malayalam (Manglish),negative,sadness,-0.7
overall ga chusthe chala bagundi eeroju kachithanga manchidi jaruguthundi,Telugu (Tenglish),positive,joy,0.85
weather normal ga undi routine panulu aypoyai,Telugu (Tenglish),neutral,neutral,0.0
aarambathil valare dukkham thonnunnu manassu thakarnnu poyi ennalum enthu cheyyaan,Malayalam (Manglish),negative,sadness,-0.8
such bolu toh akela pan bohot sata raha hai koi baat karne wala nahi par kya hi kar sakte hai,Hindi (Hinglish),negative,sadness,-0.7
udayam nunchi morning walk chesaka mind chala fresh ga calm ga undi nenu thaluchukuntunna,Telugu (Tenglish),positive,calm,0.65
starting la மனதில் இனம் புரியாத பயமும் பதற்றமும் நிறைந்துள்ளது.,Tamil,negative,anxiety,-0.55
"overall ah paatha இன்று எதிலும் மனம் ஈடுபடவில்லை, அழுகையாக வருகிறது. kandippa nalladhu nadakkum",Tamil,negative,sadness,-0.75
friends kooda pesumpodhu chai kudichutu peaceful ah book padichen romba mukkiyam,Tamil (Tanglish),positive,calm,0.6
kaalaila irundhe future pathi positive ah ninaikiren nalla nadakkum ippadiye poitu irukku,Tamil (Tanglish),positive,hopeful,0.6
sathyam paranjal full day busy aayirunnu thalarnnu poyi manassilund,Malayalam (Manglish),negative,stress,-0.6
overall ah paatha enna nadakuthu inga onnum puriyala romba bayama irukku ennala mudiyala,Tamil (Tanglish),negative,anxiety,-0.55
nijanga cheppalante ఈ రోజు నాకు చాలా సంతోషంగా మరియు ఉల్లాసంగా ఉంది. ilaane saaguthundi,Telugu,positive,joy,0.85
friends kooda pesumpodhu manasula oru periya bayam vandhudhu eppodhum overthinking kandippa nalladhu nadakkum,Tamil (Tanglish),negative,anxiety,-0.5
office ke baad bohot gussa aa raha hai dimag phat raha hai bohot zaroori hai,Hindi (Hinglish),negative,stress,-0.8
"Truth be told, i am angry as time goes by.",English,negative,stress,-0.8
office ke baad aaj office me bahut jyada stress tha kaam ka bojh badh gaya,Hindi (Hinglish),negative,stress,-0.65
Just realized that hehehhe iima hold gold reoopemdx and that is how it feels.,English,neutral,neutral,0.0
aarambathil innathe divasam valare nallathayirunnu santhosham thonni njan orkkunnu,Malayalam (Manglish),positive,joy,0.8
inniku enaku thonuchu oru maadhiri tension and anxiety ah irukku enaku,Tamil (Tanglish),negative,anxiety,-0.5
starting la grocery vaangitu vandhu dinner saaptom kandippa nalladhu nadakkum,Tamil (Tanglish),neutral,neutral,0.0
friends tho matladinapudu పనుల భారం ఎక్కువై బాగా అలసిపోయాను. chala important,Telugu,negative,stress,-0.6
eeroju naaku anipinchindi naaku chaala bagundi super happy day ilaane saaguthundi,Telugu (Tenglish),positive,joy,0.85
inniku enaku thonuchu Full day busy ah irundhu romba exhausted aayiten aana enna panna,Tamil (Tanglish),negative,stress,-0.55
"office mudichutu இன்று மிகவும் மகிழ்ச்சியான நாள், எல்லோருடனும் கொண்டாடினோம். manasula irukku",Tamil,positive,joy,0.85
"All things considered, completely focused, determined, and calm for the comeback we got this as time goes by.",English,positive,hopeful,0.65
raat ko sochte huye aaj office me bahut jyada stress tha kaam ka bojh badh gaya dil me chal raha hai,Hindi (Hinglish),negative,stress,-0.65
friends tho matladinapudu nammakam undi anni set aypothai manasulo undi,Telugu (Tenglish),positive,hopeful,0.5
జంతు సంస్కృతి ఉన్న ఈ వెధవని ఒక గొప్ప వాడిగా చూపించడ మేమిటి,Telugu,negative,stress,-0.6
sathyam paranjaal kure issues undayirunnu ennalum nalla oru pratheeksha undu njan orkkunnu,Malayalam (Manglish),positive,hopeful,0.55
"In all fairness, Meeting scheduled for 3 PM tomorrow afternoon. moving forward regardless.",English,neutral,neutral,0.0
starting lo kastam ga anipinchindi kani ipudu baga improve ayyindi nenu thaluchukuntunna,Telugu (Tenglish),mixed,hopeful,0.45
"office ke baad आज का दिन सामान्य रहा, कोई खास बात नहीं हुई। aage dekhte hai",Hindi,neutral,neutral,0.0
overall ah paatha மனதில் இனம் புரியாத பயமும் பதற்றமும் நிறைந்துள்ளது. romba mukkiyam,Tamil,negative,anxiety,-0.55
friends kooda pesumpodhu project pass aayiduchu romba santhosham manasula irukku,Tamil (Tanglish),positive,joy,0.9
innu enikku thonni deadline eppol theerkkum ennu orthu valare vishamam manassilund,Malayalam (Manglish),negative,stress,-0.55
just daily task update note panren,Tamil (Tanglish),neutral,neutral,0.0
"At the end of the day, standing on business and focusing on my future just putting thoughts into words.",English,positive,hopeful,0.6
overall ga chusthe interview mundhu chala panic ayyanu heartbeat fast ga undi,Telugu (Tenglish),negative,anxiety,-0.6
ravile muthal സാധനങ്ങൾ വാങ്ങി വീട്ടിലെത്തി ഭക്ഷണം കഴിച്ചു. manassilund,Malayalam,neutral,neutral,0.0
"Right now, Feeling so isolated and unvalued by people around me. trying to process it all.",English,negative,sadness,-0.7
chai kudichutu peaceful ah book padichen romba mukkiyam,Tamil (Tanglish),positive,calm,0.6
overall dekha jaye toh dil toot sa gaya hai kuch accha nahi lag raha par kya hi kar sakte hai,Hindi (Hinglish),negative,sadness,-0.8
friends tho matladinapudu ప్రకృతి మధ్యలో ప్రశాంతమైన క్షణాలు గడిపాను. chala important,Telugu,positive,calm,0.65
"కేతిరెడ్డి గారి మనసు చాలా మంచిది,...",Telugu,positive,neutral,0.0
aaj mujhe aisa laga ki chai pite huye shanti se baithe the zaroor accha hoga,Hindi (Hinglish),positive,calm,0.55
"At the end of the day, The weather was cloudy and normal today. moving forward regardless.",English,neutral,neutral,0.0
aaj mujhe aisa laga ki mujhe bhavishya ko lekar bohot chinta hai par kya hi kar sakte hai,Hindi (Hinglish),negative,anxiety,-0.6
friends kooda outing poitu vandhom semma enjoy pannom romba mukkiyam,Tamil (Tanglish),positive,joy,0.8
night time la future pathi positive ah ninaikiren nalla nadakkum aana enna panna,Tamil (Tanglish),positive,hopeful,0.6
friends kooda pesumpodhu Today college la romba stressful ah irundhuchu work mudiyala kandippa nalladhu nadakkum,Tamil (Tanglish),negative,stress,-0.6
"asalu cheppalante ఈ రోజు చాలా బాధగా మరియు ఒంటరిగా ఉంది, మనసంతా భారంగా ఉంది. manasulo undi",Telugu,negative,sadness,-0.8
"In all fairness, feeling feeling deeply sad, desperate, and heartbroken and completely heartbroken taking one step at a time.",English,negative,sadness,-0.85
office ke baad aaj bohot frustrating din tha kaam karte karte full energy khatam ho gayi zaroor accha hoga,Hindi (Hinglish),negative,stress,-0.75
overall aayi nokkiyaal grocery vaangi veettil ethi dinner kazhichu ennalum enthu cheyyaan,Malayalam (Manglish),neutral,neutral,0.0
udayam nunchi eroju regular ga gadichindi routine pani kachithanga manchidi jaruguthundi,Telugu (Tenglish),neutral,neutral,0.0
aarambathil valare dukkham thonnunnu manassu thakarnnu poyi manassilund,Malayalam (Manglish),negative,sadness,-0.8
dil me ajeeb si bechaini aur ghabrahat ho rahi hai,Hindi (Hinglish),negative,anxiety,-0.55
raat ko sochte huye subah meditation kiya mind bilkul relaxed ho gaya,Hindi (Hinglish),positive,calm,0.65
subah se hi aaj phir se rona aa gaya sab kuch chhoot gaya bohot zaroori hai,Hindi (Hinglish),negative,sadness,-0.85
office aypoyaka future gurinchi chala bhayam ga undi emi cheyalo telidu chala important,Telugu (Tenglish),negative,anxiety,-0.6
office ke baad itne saare assignments ek sath aa gaye sir dard ho raha hai aage dekhte hai,Hindi (Hinglish),negative,stress,-0.6
"starting lo ఆఫీసులో పని ఒత్తిడి చాలా ఎక్కువగా ఉంది, నిద్ర కూడా పట్టడం లేదు.",Telugu,negative,stress,-0.7
semma tired and exhausted ah irukku work pressure kandippa nalladhu nadakkum,Tamil (Tanglish),negative,stress,-0.7
starting la nimmathiya irukku manasu romba relaxed ippadiye poitu irukku,Tamil (Tanglish),positive,calm,0.65
shuruat me mujhe future ko lekar bahut anxiety aur tension ho rahi hai par kya hi kar sakte hai,Hindi (Hinglish),negative,anxiety,-0.6
unmaiya sollanum na romba kashtama irukku yaarum kooda illa thoniya iruken aana enna panna,Tamil (Tanglish),negative,sadness,-0.75
sathyam paranjal valare dukkham thonnunnu manassu thakarnnu poyi njan orkkunnu,Malayalam (Manglish),negative,sadness,-0.8
such bolu toh aaj bohot udas hu dil me chal raha hai,Hindi (Hinglish),negative,sadness,-0.8
enaku inniki sogama irukku ippadiye poitu irukku,Tamil (Tanglish),negative,sadness,-0.8
starting la manasu fulla sogam thonudhu manasula irukku,Tamil (Tanglish),negative,sadness,-0.8
ఒక మంచి హీరో గోపిచంద్ గారు,Telugu,positive,neutral,0.0
overall ah paatha வெற்றி கிடைத்ததால் அளவில்லாத மகிழ்ச்சி அடைந்தேன்.,Tamil,positive,joy,0.9
overall dekha jaye toh bohot dukh ho raha hai rona aa raha hai,Hindi (Hinglish),negative,sadness,-0.8
eeroju naaku anipinchindi weather normal ga undi routine panulu aypoyai kani em chestham,Telugu (Tenglish),neutral,neutral,0.0
"shuruat me मन में बहुत बेचैनी है, समझ नहीं आ रहा क्या करूं। zaroor accha hoga",Hindi,negative,anxiety,-0.5
overall ah paatha sogama iruken yaarum kooda illa ippadiye poitu irukku,Tamil (Tanglish),negative,sadness,-0.8
"Looking back at the day, deadass exhausted and overstimulated right now",English,negative,stress,-0.7
night time la semma tired and exhausted ah irukku work pressure ippadiye poitu irukku,Tamil (Tanglish),negative,stress,-0.7
"raat ko sochte huye आज का दिन सामान्य रहा, कोई खास बात नहीं हुई। bohot zaroori hai",Hindi,neutral,neutral,0.0
raat ko sochte huye aaj phir se rona aa gaya sab kuch chhoot gaya bohot zaroori hai,Hindi (Hinglish),negative,sadness,-0.85
night time la inniku normal day dhaan onnum perisa nadakala ippadiye poitu irukku,Tamil (Tanglish),neutral,neutral,0.0
joli kazhinju മനസ്സിന് നല്ലൊരു ശാന്തിയും സമാധാനവും അനുഭവപ്പെടുന്നു. manassilund,Malayalam,positive,calm,0.6
"From the morning, Deep sense of emptiness and gloom lingering today. taking one step at a time.",English,negative,sadness,-0.75
"asalu cheppalante ఈ రోజు చాలా బాధగా మరియు ఒంటరిగా ఉంది, మనసంతా భారంగా ఉంది. nenu thaluchukuntunna",Telugu,negative,sadness,-0.8
starting lo rojantha kashtapadi body motham alasata ga noppulu ga undi manasulo undi,Telugu (Tenglish),negative,stress,-0.55
such bolu toh grocery kharid ke laya aur kaam kiya par kya hi kar sakte hai,Hindi (Hinglish),neutral,neutral,0.0
starting la grocery vaangitu vandhu dinner saaptom ennala mudiyala,Tamil (Tanglish),neutral,neutral,0.0
sathiyama solren konjam tough time dhaan aana kandippa nalla mudiyum nambikai irukku,Tamil (Tanglish),positive,hopeful,0.55
joli kazhinju ഇന്ന് വളരെ ദുഃഖം നിറഞ്ഞ ദിവസമായിരുന്നു. manassilund,Malayalam,negative,sadness,-0.75
innu enikku thonni just casual note ezhuthukayanu valare pradhaanamaanu,Malayalam (Manglish),neutral,neutral,0.0
"Overall feeling, I am in extreme trouble and stressed brother everything is falling apart taking one step at a time.",English,negative,stress,-0.75
"sathiyama solren மனதில் பெரும் சோகமும் வலியும் உள்ளது, தனிமையாக உணர்கிறேன். romba mukkiyam",Tamil,negative,sadness,-0.8
innu sadharana divasam aayirunnu vishashangal onnum illa theerchayayum nallathu sambhavikkum,Malayalam (Manglish),neutral,neutral,0.0
"All things considered, sick of this extremely deceitful nonsense and frustration happening every day as time goes by.",English,negative,stress,-0.85
nijanga cheppalante panulu anni okesari vachi chala pressure ga anipinchindi kachithanga manchidi jaruguthundi,Telugu (Tenglish),negative,stress,-0.65
raat ko sochte huye itne saare assignments ek sath aa gaye sir dard ho raha hai zaroor accha hoga,Hindi (Hinglish),negative,stress,-0.6
such me bolu toh weather normal hai thodi thand hai zaroor accha hoga,Hindi (Hinglish),neutral,neutral,0.0
ravile muthal valare pedi aavunnu aashanka aakulam undu valare pradhaanamaanu,Malayalam (Manglish),negative,anxiety,-0.6
raathri aayappol ഇന്ന് വളരെ ദുഃഖം നിറഞ്ഞ ദിവസമായിരുന്നു. manassilund,Malayalam,negative,sadness,-0.75
వీడికి ఏదో జబ్బు ఉంది రోజు రోజుకూ ఇలా అవుతున్నా,Telugu,negative,stress,-0.6
"To be honest, literally losing control from extreme stress and fury right now so mad and overwhelmed keeping this in mind.",English,negative,stress,-0.85
such me bolu toh bohot dukh ho raha hai rona aa raha hai,Hindi (Hinglish),negative,sadness,-0.8
"Truth be told, Believing in my capacity to grow and overcome these hurdles.",English,positive,hopeful,0.5
office aypoyaka naaku chala bagundi nenu thaluchukuntunna,Telugu (Tenglish),positive,joy,0.85
nijanga cheppalante morning walk chesaka mind chala fresh ga calm ga undi kani em chestham,Telugu (Tenglish),positive,calm,0.65
kovam varudhu ellarum mela tension aaguthu ennala mudiyala,Tamil (Tanglish),negative,stress,-0.8
unmaiya sollanum na enakku sogam aa irukku romba mukkiyam,Tamil (Tanglish),negative,sadness,-0.8
"Right now, i am angry just putting thoughts into words.",English,negative,stress,-0.8
doston ke sath baat karke results ka soch kar ghabrahat ho rahi hai neend nahi aa rahi dil me chal raha hai,Hindi (Hinglish),negative,anxiety,-0.55
friends kooda pesumpodhu naalaiku meeting schedule aagirukku 3 manikku ippadiye poitu irukku,Tamil (Tanglish),neutral,neutral,0.0
"At the end of the day, Just writing a quick factual note for today. hoping for the best.",English,neutral,neutral,0.0
"raat ko sochte huye आज का दिन बहुत शानदार रहा, परिवार के साथ बहुत खुशी मिली। bohot zaroori hai",Hindi,positive,joy,0.85
asalu cheppalante future gurinchi chala bhayam ga undi emi cheyalo telidu manasulo undi,Telugu (Tenglish),negative,anxiety,-0.6
raat ko sochte huye weather normal hai thodi thand hai zaroor accha hoga,Hindi (Hinglish),neutral,neutral,0.0
friends tho matladinapudu nammakam undi anni set aypothai chala important,Telugu (Tenglish),positive,hopeful,0.5
innu enikku thonni ravile meditation cheythu mind fresh aayi valare pradhaanamaanu,Malayalam (Manglish),positive,calm,0.65
inniku enaku thonuchu semma gaandu and irritated ah irukku romba mukkiyam,Tamil (Tanglish),negative,stress,-0.75
"overall aayi nokkiyaal ഇന്ന് എനിക്ക് വളരെ സന്തോഷം തോന്നി, എല്ലാം നല്ല രീതിയിൽ നടന്നു. valare pradhaanamaanu",Malayalam,positive,joy,0.85
udayam nunchi అనుకున్న విజయం సాధించినందుకు ఎంతో ఆనందంగా ఉంది. chala important,Telugu,positive,joy,0.9
doston ke sath baat karke aaj ka din bas normal raha koi khaas baat nahi aage dekhte hai,Hindi (Hinglish),neutral,neutral,0.0
unmaiya sollanum na nambikkai irukku seekiram ellam seri aagum romba mukkiyam,Tamil (Tanglish),positive,hopeful,0.6
raathri aayappol interview orthu chankidikkunnu tension aavunnu njan orkkunnu,Malayalam (Manglish),negative,anxiety,-0.5
kaalaila irundhe bayama irukku manasula full ah anxiety panic romba mukkiyam,Tamil (Tanglish),negative,anxiety,-0.6
"kaalaila irundhe Naan work complete panna try pannitu irundhen, but every time some new problem vandhuchu full energy poiduchu",Tamil (Tanglish),negative,stress,-0.7
overall aayi nokkiyaal njan innale valare santhoshavan aayirunnu friendsine kandu njan orkkunnu,Malayalam (Manglish),positive,joy,0.85
starting la inniku manasula periya sogam rona vandhudhu aana enna panna,Tamil (Tanglish),negative,sadness,-0.85
"All things considered, feeling utterly devastated and heartbroken nobody cares about me my life is miserable and exhausting just putting thoughts into words.",English,negative,sadness,-0.85
subah se hi chai pite huye shanti se baithe the bohot zaroori hai,Hindi (Hinglish),positive,calm,0.55
മനസ്സിന് നല്ലൊരു ശാന്തിയും സമാധാനവും അനുഭവപ്പെടുന്നു.,Malayalam,positive,calm,0.6
doston ke sath baat karke results ka soch kar ghabrahat ho rahi hai neend nahi aa rahi bohot zaroori hai,Hindi (Hinglish),negative,anxiety,-0.55
such me bolu toh akela pan bohot sata raha hai koi baat karne wala nahi,Hindi (Hinglish),negative,sadness,-0.7
aarambathil adipoli divasam aayirunnu full polichu ennalum enthu cheyyaan,Malayalam (Manglish),positive,joy,0.85
"aarambathil ഇന്ന് എനിക്ക് വളരെ സന്തോഷം തോന്നി, എല്ലാം നല്ല രീതിയിൽ നടന്നു. ennalum enthu cheyyaan",Malayalam,positive,joy,0.85
such bolu toh aaj office me bahut jyada stress tha kaam ka bojh badh gaya bohot zaroori hai,Hindi (Hinglish),negative,stress,-0.65
"At the end of the day, Just writing a quick factual note for today. taking one step at a time.",English,neutral,neutral,0.0
kaalaila irundhe semma tired and exhausted ah irukku work pressure aana enna panna,Tamil (Tanglish),negative,stress,-0.7
friends kooda pesumpodhu grocery vaangitu vandhu dinner saaptom kandippa nalladhu nadakkum,Tamil (Tanglish),neutral,neutral,0.0
"Right now, staying silent with focused posture in silence enjoying pure peace and solitude as time goes by.",English,positive,calm,0.6
naaku assalu nachatledu chala badhaga undi manasulo undi,Telugu (Tenglish),negative,sadness,-0.75
overall ah paatha konjam tough time dhaan aana kandippa nalla mudiyum nambikai irukku manasula irukku,Tamil (Tanglish),positive,hopeful,0.55
asalu cheppalante నాడీ కొట్టుకోవడం ఎక్కువై చాలా ఆందోళనగా ఉంది. nenu thaluchukuntunna,Telugu,negative,anxiety,-0.65
night padukune mundhu rojantha kashtapadi body motham alasata ga noppulu ga undi ilaane saaguthundi,Telugu (Tenglish),negative,stress,-0.55
unmaiya sollanum na romba kashtama irukku yaarum kooda illa thoniya iruken kandippa nalladhu nadakkum,Tamil (Tanglish),negative,sadness,-0.75
subah se hi thoda time lagega par sab theek ho jayega mujhe pura bharosa hai bohot zaroori hai,Hindi (Hinglish),positive,hopeful,0.55
subah se hi ye ho kya rha h kuch samajh nahi aa raha aage dekhte hai,Hindi (Hinglish),negative,anxiety,-0.5
friends tho matladinapudu manasulo chala aashanthi ga ghabrahat ga undi night sleep ledu kachithanga manchidi jaruguthundi,Telugu (Tenglish),negative,anxiety,-0.5
starting lo chala badhaga undi manasu antha dukham tho nindi poyindi manasulo undi,Telugu (Tenglish),negative,sadness,-0.75
chala badhaga undi manasu antha dukham tho nindi poyindi ilaane saaguthundi,Telugu (Tenglish),negative,sadness,-0.75
night padukune mundhu eroju office lo chala work load undi chala alasipoyanu chala important,Telugu (Tenglish),negative,stress,-0.6
"Lately, Cannot shake off this constant sense of worry and tension. hoping for the best.",English,negative,anxiety,-0.5
starting la romba kashtama irukku yaarum kooda illa thoniya iruken,Tamil (Tanglish),negative,sadness,-0.75
"Honestly speaking, A fresh start and positive expectations for the coming days. taking one step at a time.",English,positive,hopeful,0.65
"All things considered, Feeling so isolated and unvalued by people around me.",English,negative,sadness,-0.7
overall aayi nokkiyaal നാളെ എന്ത് സംഭവിക്കും എന്നോർത്ത് വലിയ പേടിയാണ്. valare pradhaanamaanu,Malayalam,negative,anxiety,-0.6
aarambathil പ്രതിസന്ധികൾക്കിടയിലും പുതിയൊരു പ്രത്യാശ തോന്നുന്നു. ennalum enthu cheyyaan,Malayalam,positive,hopeful,0.6
eroju office lo chala work load undi chala alasipoyanu ilaane saaguthundi,Telugu (Tenglish),negative,stress,-0.6
starting lo morning walk chesaka mind chala fresh ga calm ga undi manasulo undi,Telugu (Tenglish),positive,calm,0.65
asalu cheppalante panulu anni okesari vachi chala pressure ga anipinchindi kani em chestham,Telugu (Tenglish),negative,stress,-0.65
eeroju naaku anipinchindi groceries thechi dinner chesukuni padukunna kachithanga manchidi jaruguthundi,Telugu (Tenglish),neutral,neutral,0.0
unmaiya sollanum na Full day busy ah irundhu romba exhausted aayiten,Tamil (Tanglish),negative,stress,-0.55
friends tho matladinapudu project complete ayindi chala aanandam ga undi chala important,Telugu (Tenglish),positive,joy,0.8
friends tho matladinapudu భవిష్యత్తుపై గొప్ప ఆశ మరియు నమ్మకం ఉన్నాయి. ilaane saaguthundi,Telugu,positive,hopeful,0.6
nijanga cheppalante పనుల భారం ఎక్కువై బాగా అలసిపోయాను.,Telugu,negative,stress,-0.6
കൂട്ടുകാരോടൊപ്പം ചെലവഴിച്ച സമയം വളരെ ആനന്ദകരമായിരുന്നു. njan orkkunnu,Malayalam,positive,joy,0.9
sathyam paranjaal manassil oru nalla aashanka undu overthinking theerchayayum nallathu sambhavikkum,Malayalam (Manglish),negative,anxiety,-0.45
overall ga chusthe manasulo chala aashanthi ga ghabrahat ga undi night sleep ledu,Telugu (Tenglish),negative,anxiety,-0.5
such bolu toh bohot gussa aa raha hai dimag phat raha hai dil me chal raha hai,Hindi (Hinglish),negative,stress,-0.8
akela pan bohot sata raha hai koi baat karne wala nahi dil me chal raha hai,Hindi (Hinglish),negative,sadness,-0.7
aaj mujhe aisa laga ki itne saare assignments ek sath aa gaye sir dard ho raha hai dil me chal raha hai,Hindi (Hinglish),negative,stress,-0.6
overall aayi nokkiyaal nalathe divasam nallathavum ennu njan aashikkunnu manassilund,Malayalam (Manglish),positive,hopeful,0.5
"joli kazhinju ഹൃദയം നുറുങ്ങുന്ന വേദന തോന്നുന്നു, ആരും കൂടെയില്ല. manassilund",Malayalam,negative,sadness,-0.8
"sathyam paranjaal നല്ലൊരു പ്രതീക്ഷ മനസ്സിലുണ്ട്, കാര്യങ്ങൾ നന്നായി വരും.",Malayalam,positive,hopeful,0.55
starting la காலையில் நடைப்பயிற்சி சென்று விட்டு மளிகை பொருட்கள் வாங்கினேன். romba mukkiyam,Tamil,neutral,neutral,0.0
nijanga cheppalante results ela vasthayo ani chala tension paduthunna chala important,Telugu (Tenglish),negative,anxiety,-0.55
sathyam paranjal ravile meditation cheythu mind fresh aayi theerchayayum nallathu sambhavikkum,Malayalam (Manglish),positive,calm,0.65
doston ke sath baat karke akela pan bohot sata raha hai koi baat karne wala nahi dil me chal raha hai,Hindi (Hinglish),negative,sadness,-0.7
night time la future pathi positive ah ninaikiren nalla nadakkum ippadiye poitu irukku,Tamil (Tanglish),positive,hopeful,0.6
Idhi nijanga jarigindha leka veellaki news ledhani kottha news create chesaara,Telugu,neutral,neutral,0.0
udayam nunchi chala kopam vasthondi naaku andhari meeda manasulo undi,Telugu (Tenglish),negative,stress,-0.8
overall ga chusthe eroju regular ga gadichindi routine pani,Telugu (Tenglish),neutral,neutral,0.0
innu enikku thonni aarum koode illa ottakkaya pole thonnunnu njan orkkunnu,Malayalam (Manglish),negative,sadness,-0.7
friendsine kandappol പ്രതിസന്ധികൾക്കിടയിലും പുതിയൊരു പ്രത്യാശ തോന്നുന്നു. theerchayayum nallathu sambhavikkum,Malayalam,positive,hopeful,0.6
morning walk chesaka mind chala fresh ga calm ga undi kachithanga manchidi jaruguthundi,Telugu (Tenglish),positive,calm,0.65
office mudichutu kovam varudhu ellarum mela tension aaguthu romba mukkiyam,Tamil (Tanglish),negative,stress,-0.8
nijanga cheppalante నాడీ కొట్టుకోవడం ఎక్కువై చాలా ఆందోళనగా ఉంది. kani em chestham,Telugu,negative,anxiety,-0.65
such bolu toh thoda time lagega par sab theek ho jayega mujhe pura bharosa hai,Hindi (Hinglish),positive,hopeful,0.55
"In all fairness, Bought groceries, cooked dinner, and organized my desk. trying to process it all.",English,neutral,neutral,0.0
aaj mujhe aisa laga ki chai pite huye shanti se baithe the,Hindi (Hinglish),positive,calm,0.55
sathyam paranjaal ഇന്ന് വളരെ ദുഃഖം നിറഞ്ഞ ദിവസമായിരുന്നു.,Malayalam,negative,sadness,-0.75
"Honestly speaking, The weather was cloudy and normal today. and that is how it feels.",English,neutral,neutral,0.0
"Honestly speaking, Bought groceries, cooked dinner, and organized my desk. moving forward regardless.",English,neutral,neutral,0.0
raat ko sochte huye mujhe bhavishya ko lekar bohot chinta hai par kya hi kar sakte hai,Hindi (Hinglish),negative,anxiety,-0.6
"Looking back at the day, got suddenly abandoned and ignored and ruined a wonderful opportunity everything feels miserable keeping this in mind.",English,negative,sadness,-0.8
raathri aayappol exam orthu manassil aakulam thonnikunnu night sleep illa njan orkkunnu,Malayalam (Manglish),negative,anxiety,-0.55
joli kazhinju പ്രതിസന്ധികൾക്കിടയിലും പുതിയൊരു പ്രത്യാശ തോന്നുന്നു. manassilund,Malayalam,positive,hopeful,0.6
raat ko sochte huye aaj bohot udas hu,Hindi (Hinglish),negative,sadness,-0.8
innu manassil valare vishamam aayirunnu kannuneer vannu njan orkkunnu,Malayalam (Manglish),negative,sadness,-0.85
raathri aayappol nalathe divasam nallathavum ennu njan aashikkunnu manassilund,Malayalam (Manglish),positive,hopeful,0.5
pichi lesthondi chala kopam ga undi manasulo undi,Telugu (Tenglish),negative,stress,-0.8
such bolu toh itne saare assignments ek sath aa gaye sir dard ho raha hai par kya hi kar sakte hai,Hindi (Hinglish),negative,stress,-0.6
sathyam paranjal kure issues undayirunnu ennalum nalla oru pratheeksha undu ennalum enthu cheyyaan,Malayalam (Manglish),positive,hopeful,0.55
What a productive and joyful morning with beautiful sunshine. taking one step at a time.,English,positive,joy,0.85
innu enikku thonni weather cloudy aayirunnu routine poyikkoondirikkunnu,Malayalam (Manglish),neutral,neutral,0.0
"shuruat me आज ऑफिस में काम का बहुत दबाव था, सिर दर्द हो रहा है। aage dekhte hai",Hindi,negative,stress,-0.65
office ke baad aaj phir se rona aa gaya sab kuch chhoot gaya zaroor accha hoga,Hindi (Hinglish),negative,sadness,-0.85
overall aayi nokkiyaal kure issues undayirunnu ennalum nalla oru pratheeksha undu valare pradhaanamaanu,Malayalam (Manglish),positive,hopeful,0.55
udayam nunchi naaku chaala bagundi super happy day manasulo undi,Telugu (Tenglish),positive,joy,0.85
unmaiya sollanum na weather normal ah cloudy ah irundhuchu romba mukkiyam,Tamil (Tanglish),neutral,neutral,0.0
kure pani koodi kidakkunnu thala vedhana edukkunnu njan orkkunnu,Malayalam (Manglish),negative,stress,-0.6
results ela vasthayo ani chala tension paduthunna manasulo undi,Telugu (Tenglish),negative,anxiety,-0.55
"To be honest, Feeling heartbroken, lonely, and crying quietly in my room. as time goes by.",English,negative,sadness,-0.8
"At the end of the day, feeling utterly devastated and heartbroken nobody cares about me my life is miserable and exhausting",English,negative,sadness,-0.85
udayam nunchi eroju normal ga gadichindi peddaga em ledu kani em chestham,Telugu (Tenglish),neutral,neutral,0.0
aaj mujhe aisa laga ki mujhe bhavishya ko lekar bohot chinta hai aage dekhte hai,Hindi (Hinglish),negative,anxiety,-0.6
akela pan bohot sata raha hai koi baat karne wala nahi bohot zaroori hai,Hindi (Hinglish),negative,sadness,-0.7
kaalaila irundhe enna nadakuthu inga onnum puriyala romba bayama irukku kandippa nalladhu nadakkum,Tamil (Tanglish),negative,anxiety,-0.55
starting la semma gaandu and irritated ah irukku aana enna panna,Tamil (Tanglish),negative,stress,-0.75
"sathyam paranjal ഹൃദയം നുറുങ്ങുന്ന വേദന തോന്നുന്നു, ആരും കൂടെയില്ല. theerchayayum nallathu sambhavikkum",Malayalam,negative,sadness,-0.8
starting lo manasuki chala shanti ga anipinchindi silent evening,Telugu (Tenglish),positive,calm,0.55
asalu cheppalante panulu anni okesari vachi chala pressure ga anipinchindi kachithanga manchidi jaruguthundi,Telugu (Tenglish),negative,stress,-0.65
Prathhi uuru ila untey superb anevallu enthamandi,Telugu,neutral,neutral,0.0
sathyam paranjaal aarum koode illa ottakkaya pole thonnunnu ennalum enthu cheyyaan,Malayalam (Manglish),negative,sadness,-0.7
innu enikku thonni innu joliyil bhayangara stress aayirunnu ottum samayam kittiyilla,Malayalam (Manglish),negative,stress,-0.65
"Honestly speaking, Cannot shake off this constant sense of worry and tension. taking one step at a time.",English,negative,anxiety,-0.5
joli kazhinju grocery vaangi veettil ethi dinner kazhichu njan orkkunnu,Malayalam (Manglish),neutral,neutral,0.0
starting lo future gurinchi chala bhayam ga undi emi cheyalo telidu kachithanga manchidi jaruguthundi,Telugu (Tenglish),negative,anxiety,-0.6
such bolu toh aaj phir se rona aa gaya sab kuch chhoot gaya par kya hi kar sakte hai,Hindi (Hinglish),negative,sadness,-0.85
அதிகப்படியான வேலைப்பளு காரணமாக தலைவலியும் சோர்வும் ஏற்பட்டுள்ளது. ippadiye poitu irukku,Tamil,negative,stress,-0.6
kaalaila irundhe exam pathi nenachaale romba bayama irukku onnum padikala kandippa nalladhu nadakkum,Tamil (Tanglish),negative,anxiety,-0.6
sathyam paranjaal മനസ്സിന് നല്ലൊരു ശാന്തിയും സമാധാനവും അനുഭവപ്പെടുന്നു. theerchayayum nallathu sambhavikkum,Malayalam,positive,calm,0.6
"To be honest, Feeling so isolated and unvalued by people around me. trying to process it all.",English,negative,sadness,-0.7
sathyam paranjaal interview orthu chankidikkunnu tension aavunnu,Malayalam (Manglish),negative,anxiety,-0.5
udayam nunchi eeroju manasulo chala prashantham ga undi shanti ga unnanu manasulo undi,Telugu (Tenglish),positive,calm,0.6
starting lo naaku chala badhaga undi chala important,Telugu (Tenglish),negative,sadness,-0.8
aaj mujhe aisa laga ki family ke sath time spend kiya bohot khushi hui aage dekhte hai,Hindi (Hinglish),positive,joy,0.85
night time la காலையில் நடைப்பயிற்சி சென்று விட்டு மளிகை பொருட்கள் வாங்கினேன்.,Tamil,neutral,neutral,0.0
eroju chala frustrating ga undi work lo problems vachi full energy aypoyindi ilaane saaguthundi,Telugu (Tenglish),negative,stress,-0.7
kal ka din behtar hoga aisi aasha hai zaroor accha hoga,Hindi (Hinglish),positive,hopeful,0.5
such me bolu toh subah meditation kiya mind bilkul relaxed ho gaya par kya hi kar sakte hai,Hindi (Hinglish),positive,calm,0.65
subah se hi subah meditation kiya mind bilkul relaxed ho gaya dil me chal raha hai,Hindi (Hinglish),positive,calm,0.65
such bolu toh kal ka din behtar hoga aisi aasha hai par kya hi kar sakte hai,Hindi (Hinglish),positive,hopeful,0.5
asalu cheppalante deadlines deggarapaduthunnai chala stress ga thala noppi undi,Telugu (Tenglish),negative,stress,-0.7
kaalaila irundhe varuthama irukku romba alone ah feel panren aana enna panna,Tamil (Tanglish),negative,sadness,-0.75
sathyam paranjal valare pedi aavunnu aashanka aakulam undu ennalum enthu cheyyaan,Malayalam (Manglish),negative,anxiety,-0.6
ravile muthal naalathe kaaryam orthu valare pedi aavunnu theerchayayum nallathu sambhavikkum,Malayalam (Manglish),negative,anxiety,-0.6
unmaiya sollanum na interview attend panna romba nervous ah irundhuchu kandippa nalladhu nadakkum,Tamil (Tanglish),negative,anxiety,-0.55
"Sitting quietly right now, literally losing control from extreme stress and fury right now so mad and overwhelmed moving forward regardless.",English,negative,stress,-0.85
doston ke sath baat karke aaj phir se rona aa gaya sab kuch chhoot gaya par kya hi kar sakte hai,Hindi (Hinglish),negative,sadness,-0.85
night padukune mundhu coffee thaguthu balcony lo relax ayyanu kani em chestham,Telugu (Tenglish),positive,calm,0.6
friends kooda pesumpodhu chai kudichutu peaceful ah book padichen,Tamil (Tanglish),positive,calm,0.6
inniku enaku thonuchu project pass aayiduchu romba santhosham ippadiye poitu irukku,Tamil (Tanglish),positive,joy,0.9
ravile muthal kure issues undayirunnu ennalum nalla oru pratheeksha undu valare pradhaanamaanu,Malayalam (Manglish),positive,hopeful,0.55
friends tho matladinapudu భవిష్యత్తు గురించి ఆలోచిస్తుంటే చాలా భయం మరియు ఆందోళన వేస్తుంది. chala important,Telugu,negative,anxiety,-0.6
overall ah paatha naalaiku meeting schedule aagirukku 3 manikku,Tamil (Tanglish),neutral,neutral,0.0
doston ke sath baat karke thoda time lagega par sab theek ho jayega mujhe pura bharosa hai zaroor accha hoga,Hindi (Hinglish),positive,hopeful,0.55
shuruat me dil me ajeeb si bechaini aur ghabrahat ho rahi hai dil me chal raha hai,Hindi (Hinglish),negative,anxiety,-0.55
aaj mujhe aisa laga ki dil toot sa gaya hai kuch accha nahi lag raha aage dekhte hai,Hindi (Hinglish),negative,sadness,-0.8
ravile muthal valare dukkham thonnunnu manassu thakarnnu poyi valare pradhaanamaanu,Malayalam (Manglish),negative,sadness,-0.8
overall ga chusthe future gurinchi chala bhayam ga undi emi cheyalo telidu chala important,Telugu (Tenglish),negative,anxiety,-0.6
friendsine kandappol enikku innu sankadamaanu valare vishamam valare pradhaanamaanu,Malayalam (Manglish),negative,sadness,-0.8
friendsine kandappol interview orthu chankidikkunnu tension aavunnu njan orkkunnu,Malayalam (Manglish),negative,anxiety,-0.5
overall ah paatha enaku inniki sogama irukku,Tamil (Tanglish),negative,sadness,-0.8
innu enikku thonni nalla oru shanthamaya divasam aayirunnu ashwasam thonnunnu manassilund,Malayalam (Manglish),positive,calm,0.6
Indhakati nunchi choosthunna aa dress endhuku yeguruthi bayya,Telugu,neutral,neutral,0.0
friends tho matladinapudu interview mundhu chala panic ayyanu heartbeat fast ga undi,Telugu (Tenglish),negative,anxiety,-0.6
starting la enakku romba sogam aa iruku kandippa nalladhu nadakkum,Tamil (Tanglish),negative,sadness,-0.8
"overall dekha jaye toh मन में बहुत उदासी और अकेलापन है, रोना आ रहा है। dil me chal raha hai",Hindi,negative,sadness,-0.8
"All things considered, crying quietly because everything is so shitty moving forward regardless.",English,negative,sadness,-0.8
overall aayi nokkiyaal innu joliyil bhayangara stress aayirunnu ottum samayam kittiyilla theerchayayum nallathu sambhavikkum,Malayalam (Manglish),negative,stress,-0.65
"All things considered, down horrendous nobody cares about me fml moving forward regardless.",English,negative,sadness,-0.85
"To be honest, Deep sense of emptiness and gloom lingering today.",English,negative,sadness,-0.75
inniku enaku thonuchu semma gaandu and irritated ah irukku ippadiye poitu irukku,Tamil (Tanglish),negative,stress,-0.75
"shuruat me मन में बहुत उदासी और अकेलापन है, रोना आ रहा है। aage dekhte hai",Hindi,negative,sadness,-0.8
innu enikku thonni valare pedi aavunnu aashanka aakulam undu valare pradhaanamaanu,Malayalam (Manglish),negative,anxiety,-0.6
office mudichutu romba kashtama irukku yaarum kooda illa thoniya iruken aana enna panna,Tamil (Tanglish),negative,sadness,-0.75
"To be honest, Constantly dreading what tomorrow might bring, cannot sleep at all. and that is how it feels.",English,negative,anxiety,-0.6
sathyam paranjal ഇന്ന് വളരെ ദുഃഖം നിറഞ്ഞ ദിവസമായിരുന്നു.,Malayalam,negative,sadness,-0.75
office ke baad deadlines meet nahi ho pa rahi manager pressure daal raha hai aage dekhte hai,Hindi (Hinglish),negative,stress,-0.65
starting lo repu office lo meeting undi time ki vellali nenu thaluchukuntunna,Telugu (Tenglish),neutral,neutral,0.0
overall ga chusthe naaku chala badhaga undi manasulo undi,Telugu (Tenglish),negative,sadness,-0.8
sathyam paranjal adipoli divasam aayirunnu full polichu theerchayayum nallathu sambhavikkum,Malayalam (Manglish),positive,joy,0.85
night time la ellam pochu nu thonudhu enna panna poren ippadiye poitu irukku,Tamil (Tanglish),negative,sadness,-0.7
bohot khush hu aaj doston ke sath maza aaya,Hindi (Hinglish),positive,joy,0.85
"Right now, i was doing my thing and i feel happy af as time goes by.",English,positive,joy,0.85
aarambathil enikku innu onnum ishtamayilla manassu thakarnnu manassilund,Malayalam (Manglish),negative,sadness,-0.75
"Looking back at the day, feeling utterly devastated and heartbroken nobody cares about me my life is miserable and exhausting taking one step at a time.",English,negative,sadness,-0.85
sathyam paranjaal enikku innu sankadamaanu valare vishamam manassilund,Malayalam (Manglish),negative,sadness,-0.8
joli kazhinju full day busy aayirunnu thalarnnu poyi theerchayayum nallathu sambhavikkum,Malayalam (Manglish),negative,stress,-0.6
manasulo chala aashanthi ga ghabrahat ga undi night sleep ledu manasulo undi,Telugu (Tenglish),negative,anxiety,-0.5
unmaiya sollanum na இன்று மனம் மிகவும் அமைதியாகவும் நிம்மதியாகவும் உள்ளது. aana enna panna,Tamil,positive,calm,0.6
weather normal ga undi routine panulu aypoyai kani em chestham,Telugu (Tenglish),neutral,neutral,0.0
aarambathil manassil oru nalla aashanka undu overthinking theerchayayum nallathu sambhavikkum,Malayalam (Manglish),negative,anxiety,-0.45
sathyam paranjal adipoli divasam aayirunnu full polichu,Malayalam (Manglish),positive,joy,0.85
starting lo eroju office lo chala work load undi chala alasipoyanu,Telugu (Tenglish),negative,stress,-0.6
udayam nunchi rojantha kashtapadi body motham alasata ga noppulu ga undi,Telugu (Tenglish),negative,stress,-0.55
eeroju naaku anipinchindi భవిష్యత్తుపై గొప్ప ఆశ మరియు నమ్మకం ఉన్నాయి. chala important,Telugu,positive,hopeful,0.6
"Lately, Bought groceries, in serious distress and trouble dinner, and organized my desk. trying to process it all.",English,neutral,neutral,0.0
inniku enaku thonuchu routine velai ella mudinjidhu aana enna panna,Tamil (Tanglish),neutral,neutral,0.0
udayam nunchi morning walk chesaka mind chala fresh ga calm ga undi,Telugu (Tenglish),positive,calm,0.65
overall dekha jaye toh aaj mood bahut kharab hai dil bohot dukhi hai par kya hi kar sakte hai,Hindi (Hinglish),negative,sadness,-0.75
raathri aayappol innu joliyil bhayangara stress aayirunnu ottum samayam kittiyilla manassilund,Malayalam (Manglish),negative,stress,-0.65
joli kazhinju adipoli divasam aayirunnu full polichu manassilund,Malayalam (Manglish),positive,joy,0.85
subah se hi deadlines meet nahi ho pa rahi manager pressure daal raha hai,Hindi (Hinglish),negative,stress,-0.65
ravile muthal deadline eppol theerkkum ennu orthu valare vishamam,Malayalam (Manglish),negative,stress,-0.55
such bolu toh grocery kharid ke laya aur kaam kiya zaroor accha hoga,Hindi (Hinglish),neutral,neutral,0.0
udayam nunchi eroju chala bagundi chala santhosham ga unnanu nenu thaluchukuntunna,Telugu (Tenglish),positive,joy,0.8
friendsine kandappol full day busy aayirunnu thalarnnu poyi njan orkkunnu,Malayalam (Manglish),negative,stress,-0.6
overall aayi nokkiyaal kudumbathodu koode nalla santhosha nimisham aayirunnu njan orkkunnu,Malayalam (Manglish),positive,joy,0.8
Just realized that i am sad moving forward regardless.,English,negative,sadness,-0.8
starting la inniku semma happy ah irukku outing ponen full fun kandippa nalladhu nadakkum,Tamil (Tanglish),positive,joy,0.85
"overall aayi nokkiyaal ഇന്ന് എനിക്ക് വളരെ സന്തോഷം തോന്നി, എല്ലാം നല്ല രീതിയിൽ നടന്നു. manassilund",Malayalam,positive,joy,0.85
asalu cheppalante konchem tough situation kani mundhu manchi rojulu vasthai kachithanga manchidi jaruguthundi,Telugu (Tenglish),positive,hopeful,0.55
joli kazhinju grocery vaangi veettil ethi dinner kazhichu theerchayayum nallathu sambhavikkum,Malayalam (Manglish),neutral,neutral,0.0
friendsine kandappol kure issues undayirunnu ennalum nalla oru pratheeksha undu ennalum enthu cheyyaan,Malayalam (Manglish),positive,hopeful,0.55
"Truth be told, lost control in extreme anger over this deceitful nonsense and frustration situation for fuck sake feeling extreme annoyance taking one step at a time.",English,negative,stress,-0.85
pichi lesthondi chala kopam ga undi ilaane saaguthundi,Telugu (Tenglish),negative,stress,-0.8
"raathri aayappol ഇന്ന് ഒരു സാധാരണ ദിവസമായിരുന്നു, വലിയ വിശേഷങ്ങളൊന്നുമില്ല. theerchayayum nallathu sambhavikkum",Malayalam,neutral,neutral,0.0
eeroju naaku anipinchindi groceries thechi dinner chesukuni padukunna,Telugu (Tenglish),neutral,neutral,0.0
పనుల భారం ఎక్కువై బాగా అలసిపోయాను. ilaane saaguthundi,Telugu,negative,stress,-0.6
friendsine kandappol bhayangara deshyam varunnu kali aavunnu ennalum enthu cheyyaan,Malayalam (Manglish),negative,stress,-0.75
office ke baad mujhe bhavishya ko lekar bohot chinta hai,Hindi (Hinglish),negative,anxiety,-0.6
udayam nunchi groceries thechi dinner chesukuni padukunna nenu thaluchukuntunna,Telugu (Tenglish),neutral,neutral,0.0
starting la manasu amaidhiyaaga irukku oru tension um illa,Tamil (Tanglish),positive,calm,0.55
aaj mujhe aisa laga ki family ke sath time spend kiya bohot khushi hui bohot zaroori hai,Hindi (Hinglish),positive,joy,0.85
office aypoyaka repu office lo meeting undi time ki vellali kachithanga manchidi jaruguthundi,Telugu (Tenglish),neutral,neutral,0.0
overall ga chusthe ఈ రోజు మనసు చాలా ప్రశాంతంగా మరియు నిశ్శబ్దంగా ఉంది.,Telugu,positive,calm,0.6
dil me ajeeb si bechaini aur ghabrahat ho rahi hai dil me chal raha hai,Hindi (Hinglish),negative,anxiety,-0.55
inniku enaku thonuchu கடினமான சூழலிலும் ஒரு நல்ல நம்பிக்கை மனதில் பிறக்கிறது. ennala mudiyala,Tamil,positive,hopeful,0.55
unmaiya sollanum na Full day busy ah irundhu romba exhausted aayiten aana enna panna,Tamil (Tanglish),negative,stress,-0.55
"overall ah paatha இன்று எதிலும் மனம் ஈடுபடவில்லை, அழுகையாக வருகிறது.",Tamil,negative,sadness,-0.75
such me bolu toh grocery kharid ke laya aur kaam kiya dil me chal raha hai,Hindi (Hinglish),neutral,neutral,0.0
office ke baad dil me ajeeb si bechaini aur ghabrahat ho rahi hai par kya hi kar sakte hai,Hindi (Hinglish),negative,anxiety,-0.55
night time la கடினமான சூழலிலும் ஒரு நல்ல நம்பிக்கை மனதில் பிறக்கிறது. kandippa nalladhu nadakkum,Tamil,positive,hopeful,0.55
overall aayi nokkiyaal just casual note ezhuthukayanu njan orkkunnu,Malayalam (Manglish),neutral,neutral,0.0
"raat ko sochte huye मन में बहुत बेचैनी है, समझ नहीं आ रहा क्या करूं। zaroor accha hoga",Hindi,negative,anxiety,-0.5
"All things considered, Completed the daily routine tasks and logged off. taking one step at a time.",English,neutral,neutral,0.0
friends tho matladinapudu ప్రకృతి మధ్యలో ప్రశాంతమైన క్షణాలు గడిపాను.,Telugu,positive,calm,0.65
sathyam paranjal innu valare frustrating aayirunnu pani theerkaan pattiyilla full energy theernnu njan orkkunnu,Malayalam (Manglish),negative,stress,-0.7
I am in extreme trouble and stressed brother everything is falling apart as time goes by.,English,negative,stress,-0.75
office aypoyaka eroju chala bagundi chala santhosham ga unnanu kachithanga manchidi jaruguthundi,Telugu (Tenglish),positive,joy,0.8
"Reflecting on today, a cat extremely angry and furious all over my shoes and clothes so annoying and exhausted trying to process it all.",English,negative,stress,-0.75
friends kooda pesumpodhu varuthama irukku romba alone ah feel panren manasula irukku,Tamil (Tanglish),negative,sadness,-0.75
subah se hi aaj bohot frustrating din tha kaam karte karte full energy khatam ho gayi zaroor accha hoga,Hindi (Hinglish),negative,stress,-0.75
doston ke sath baat karke itne saare assignments ek sath aa gaye sir dard ho raha hai par kya hi kar sakte hai,Hindi (Hinglish),negative,stress,-0.6
ఈ రోజు నాకు చాలా సంతోషంగా మరియు ఉల్లాసంగా ఉంది. kachithanga manchidi jaruguthundi,Telugu,positive,joy,0.85
"To be honest, i feel so happy today moving forward regardless.",English,positive,joy,0.85
sathyam paranjaal ithu maarum ennu vishwasam undu future nannavum njan orkkunnu,Malayalam (Manglish),positive,hopeful,0.6
"Reflecting on today, we are so back huge w celebration today trying to process it all.",English,positive,joy,0.9
Ma chopputho meme kottukovaal,Telugu,negative,stress,-0.6
overall ga chusthe coffee thaguthu balcony lo relax ayyanu kani em chestham,Telugu (Tenglish),positive,calm,0.6
unmaiya sollanum na naalaiku meeting schedule aagirukku 3 manikku ennala mudiyala,Tamil (Tanglish),neutral,neutral,0.0
"Looking back at the day, i feel so sad and lonely today",English,negative,sadness,-0.8
nijanga cheppalante eroju regular ga gadichindi routine pani ilaane saaguthundi,Telugu (Tenglish),neutral,neutral,0.0
eeroju naaku anipinchindi ప్రకృతి మధ్యలో ప్రశాంతమైన క్షణాలు గడిపాను. chala important,Telugu,positive,calm,0.65
𝙰𝚝𝚝𝚎𝚗𝚍𝚎𝚗𝚌𝚎 𝚐𝚞𝚛𝚒𝚗𝚌𝚑𝚒 𝚞𝚗𝚝𝚎 𝚋𝚊𝚐𝚞𝚗𝚍𝚞,Telugu,neutral,neutral,0.0
friends kooda pesumpodhu inniku semma happy ah irukku outing ponen full fun,Tamil (Tanglish),positive,joy,0.85
family kooda time spend panninen manasuku romba happy romba mukkiyam,Tamil (Tanglish),positive,joy,0.85
"Truth be told, I am feeling really peaceful and relaxed today after my walk. trying to process it all.",English,positive,calm,0.6
"overall dekha jaye toh मन में बहुत बेचैनी है, समझ नहीं आ रहा क्या करूं। bohot zaroori hai",Hindi,negative,anxiety,-0.5
overall ah paatha project pass aayiduchu romba santhosham manasula irukku,Tamil (Tanglish),positive,joy,0.9
raat ko sochte huye dimag bilkul kharab ho chuka hai itni tension me zaroor accha hoga,Hindi (Hinglish),negative,stress,-0.7
Papam bratheke unada ga ney champasavu kadha bro papam,Telugu,neutral,neutral,0.0
"From the morning, asdfghjkl qwertyuiop random keyboard test taking one step at a time.",English,neutral,neutral,0.0
sathiyama solren Full day busy ah irundhu romba exhausted aayiten ennala mudiyala,Tamil (Tanglish),negative,stress,-0.55
inniku enaku thonuchu வெற்றி கிடைத்ததால் அளவில்லாத மகிழ்ச்சி அடைந்தேன். romba mukkiyam,Tamil,positive,joy,0.9
"ravile muthal ഇന്ന് ഒരു സാധാരണ ദിവസമായിരുന്നു, വലിയ വിശേഷങ്ങളൊന്നുമില്ല.",Malayalam,neutral,neutral,0.0
innu enikku thonni മനസ്സിന് നല്ലൊരു ശാന്തിയും സമാധാനവും അനുഭവപ്പെടുന്നു.,Malayalam,positive,calm,0.6
sathyam paranjal കൂട്ടുകാരോടൊപ്പം ചെലവഴിച്ച സമയം വളരെ ആനന്ദകരമായിരുന്നു. theerchayayum nallathu sambhavikkum,Malayalam,positive,joy,0.9
raat ko sochte huye aaj bohot udas hu bohot zaroori hai,Hindi (Hinglish),negative,sadness,-0.8
shuruat me bohot dukh ho raha hai rona aa raha hai dil me chal raha hai,Hindi (Hinglish),negative,sadness,-0.8
shuruat me mujhe bhavishya ko lekar bohot chinta hai dil me chal raha hai,Hindi (Hinglish),negative,anxiety,-0.6
"At the end of the day, hehehhe iima hold gold reoopemdx moving forward regardless.",English,neutral,neutral,0.0
aaj mujhe aisa laga ki kal ka din behtar hoga aisi aasha hai aage dekhte hai,Hindi (Hinglish),positive,hopeful,0.5
"Reflecting on today, i feel really happy today",English,positive,joy,0.85
వెటకారం కి తప్ప రాష్ట్ర అభివృధి కి పనికి రాని సీఎం,Telugu,negative,stress,-0.6
night padukune mundhu emi jaruguthundo asalu ardam kavatledu chala tension nenu thaluchukuntunna,Telugu (Tenglish),negative,anxiety,-0.55
inniku enaku thonuchu oru maadhiri tension and anxiety ah irukku enaku manasula irukku,Tamil (Tanglish),negative,anxiety,-0.5
"Reflecting on today, everything is bussin and so much fun moving forward regardless.",English,positive,joy,0.85
unmaiya sollanum na interview attend panna romba nervous ah irundhuchu romba mukkiyam,Tamil (Tanglish),negative,anxiety,-0.55
asalu cheppalante eroju office lo chala work load undi chala alasipoyanu kachithanga manchidi jaruguthundi,Telugu (Tenglish),negative,stress,-0.6
joli kazhinju innu sadharana divasam aayirunnu vishashangal onnum illa,Malayalam (Manglish),neutral,neutral,0.0
aarambathil exam orthu manassil aakulam thonnikunnu night sleep illa manassilund,Malayalam (Manglish),negative,anxiety,-0.55
aaj office me bahut jyada stress tha kaam ka bojh badh gaya aage dekhte hai,Hindi (Hinglish),negative,stress,-0.65
"Gentle rain outside, feeling tranquil and centered. taking one step at a time.",English,positive,calm,0.65
starting lo naaku chaala bagundi super happy day nenu thaluchukuntunna,Telugu (Tenglish),positive,joy,0.85
shuruat me ye ho kya rha h kuch samajh nahi aa raha zaroor accha hoga,Hindi (Hinglish),negative,anxiety,-0.5
starting la enakku edhuvum pudikkala manasu full ah valikudhu ennala mudiyala,Tamil (Tanglish),negative,sadness,-0.8
raat ko sochte huye grocery kharid ke laya aur kaam kiya zaroor accha hoga,Hindi (Hinglish),neutral,neutral,0.0
innu enikku thonni തുടർച്ചയായ ജോലികൾ കാരണം തലവേദനയും ക്ഷീണവും അനുഭവപ്പെടുന്നു. ennalum enthu cheyyaan,Malayalam,negative,stress,-0.6
"Reflecting on today, acting extremely anxious and panic stricken over these deadlines so nervous and stressed",English,negative,anxiety,-0.65
starting lo continuous meetings valla chala burnout aypoyanu ilaane saaguthundi,Telugu (Tenglish),negative,stress,-0.65
friendsine kandappol ithu maarum ennu vishwasam undu future nannavum ennalum enthu cheyyaan,Malayalam (Manglish),positive,hopeful,0.6
aaj mujhe aisa laga ki mujhe future ko lekar bahut anxiety aur tension ho rahi hai par kya hi kar sakte hai,Hindi (Hinglish),negative,anxiety,-0.6
కష్టాలు దాటి మంచి రోజులు వస్తాయని ఆశిస్తున్నాను. ilaane saaguthundi,Telugu,positive,hopeful,0.55
"All things considered, Feeling so isolated and unvalued by people around me. trying to process it all.",English,negative,sadness,-0.7
friendsine kandappol adipoli divasam aayirunnu full polichu ennalum enthu cheyyaan,Malayalam (Manglish),positive,joy,0.85
overall aayi nokkiyaal innu valare frustrating aayirunnu pani theerkaan pattiyilla full energy theernnu manassilund,Malayalam (Manglish),negative,stress,-0.7
subah se hi ye ho kya rha h kuch samajh nahi aa raha,Hindi (Hinglish),negative,anxiety,-0.5
"asalu cheppalante ఈ రోజు సాధారణంగా గడిచింది, రోజువారీ పనులు పూర్తయ్యాయి.",Telugu,neutral,neutral,0.0
"To be honest, asdfghjkl qwertyuiop random keyboard test",English,neutral,neutral,0.0
unmaiya sollanum na future enna aagumo nu romba bayama iruku romba mukkiyam,Tamil (Tanglish),negative,anxiety,-0.65
udayam nunchi అనుకున్న విజయం సాధించినందుకు ఎంతో ఆనందంగా ఉంది.,Telugu,positive,joy,0.9
"sathyam paranjaal ഹൃദയം നുറുങ്ങുന്ന വേദന തോന്നുന്നു, ആരും കൂടെയില്ല.",Malayalam,negative,sadness,-0.8
night padukune mundhu coffee thaguthu balcony lo relax ayyanu ilaane saaguthundi,Telugu (Tenglish),positive,calm,0.6
sathyam paranjaal valare dukkham thonnunnu manassu thakarnnu poyi valare pradhaanamaanu,Malayalam (Manglish),negative,sadness,-0.8
starting lo eroju office lo chala work load undi chala alasipoyanu nenu thaluchukuntunna,Telugu (Tenglish),negative,stress,-0.6
friends kooda pesumpodhu Continuous deadlines nala thala vali edukuthu romba stress romba mukkiyam,Tamil (Tanglish),negative,stress,-0.7
"friends tho matladinapudu ఈ రోజు చాలా బాధగా మరియు ఒంటరిగా ఉంది, మనసంతా భారంగా ఉంది. nenu thaluchukuntunna",Telugu,negative,sadness,-0.8
naalathe kaaryam orthu valare pedi aavunnu valare pradhaanamaanu,Malayalam (Manglish),negative,anxiety,-0.6
sathyam paranjaal enthanu ivide sambhavikkunnathu ennu oru manassilavilla,Malayalam (Manglish),negative,anxiety,-0.5
friends tho matladinapudu eroju office lo chala work load undi chala alasipoyanu,Telugu (Tenglish),negative,stress,-0.6
Endi ayya idi entha mandiki ide recording pettaru,Telugu,neutral,neutral,0.0
"aaj mujhe aisa laga ki आज का दिन सामान्य रहा, कोई खास बात नहीं हुई। bohot zaroori hai",Hindi,neutral,neutral,0.0
"Sitting quietly right now, Drowning under mountains of urgent coursework today. moving forward regardless.",English,negative,stress,-0.7
aarambathil ithu maarum ennu vishwasam undu future nannavum,Malayalam (Manglish),positive,hopeful,0.6
asalu cheppalante naaku chaala bagundi nenu thaluchukuntunna,Telugu (Tenglish),positive,joy,0.85
"sathyam paranjaal ഹൃദയം നുറുങ്ങുന്ന വേദന തോന്നുന്നു, ആരും കൂടെയില്ല. theerchayayum nallathu sambhavikkum",Malayalam,negative,sadness,-0.8
subah se hi mushkil waqt hai par umeed ki kiran hamesha rehti hai,Hindi (Hinglish),positive,hopeful,0.6
overall ah paatha Continuous deadlines nala thala vali edukuthu romba stress ippadiye poitu irukku,Tamil (Tanglish),negative,stress,-0.7
friends tho matladinapudu పనుల భారం ఎక్కువై బాగా అలసిపోయాను. nenu thaluchukuntunna,Telugu,negative,stress,-0.6
shuruat me subah meditation kiya mind bilkul relaxed ho gaya zaroor accha hoga,Hindi (Hinglish),positive,calm,0.65
"Truth be told, crashed out over this bullshit situation ffs taking one step at a time.",English,negative,stress,-0.85
innu enikku thonni innu sadharana divasam aayirunnu vishashangal onnum illa manassilund,Malayalam (Manglish),neutral,neutral,0.0
Just realized that my name is saketh and I LOVE gaming at 12am specifically just putting thoughts into words.,English,neutral,neutral,0.0
asalu cheppalante eroju office lo chala work load undi chala alasipoyanu ilaane saaguthundi,Telugu (Tenglish),negative,stress,-0.6
unmaiya sollanum na semma gaandu and irritated ah irukku romba mukkiyam,Tamil (Tanglish),negative,stress,-0.75
nijanga cheppalante nammakam undi anni set aypothai,Telugu (Tenglish),positive,hopeful,0.5
raat ko sochte huye aaj bohot frustrating din tha kaam karte karte full energy khatam ho gayi bohot zaroori hai,Hindi (Hinglish),negative,stress,-0.75
aaj office me bahut jyada stress tha kaam ka bojh badh gaya,Hindi (Hinglish),negative,stress,-0.65
"आज मन में बहुत शांति और सुकून है, कोई हड़बड़ी नहीं। bohot zaroori hai",Hindi,positive,calm,0.6
office aypoyaka repu office lo meeting undi time ki vellali chala important,Telugu (Tenglish),neutral,neutral,0.0
sathiyama solren அதிகப்படியான வேலைப்பளு காரணமாக தலைவலியும் சோர்வும் ஏற்பட்டுள்ளது. aana enna panna,Tamil,negative,stress,-0.6
unmaiya sollanum na romba kashtama irukku yaarum kooda illa thoniya iruken,Tamil (Tanglish),negative,sadness,-0.75
inniku enaku thonuchu enaku inniki sogam aa iruku manasula irukku,Tamil (Tanglish),negative,sadness,-0.8
udayam nunchi evaritho matladali anna bhayam vestondi nervous ga undi nenu thaluchukuntunna,Telugu (Tenglish),negative,anxiety,-0.5
కష్టాలు దాటి మంచి రోజులు వస్తాయని ఆశిస్తున్నాను. kachithanga manchidi jaruguthundi,Telugu,positive,hopeful,0.55
friends tho matladinapudu భవిష్యత్తు గురించి ఆలోచిస్తుంటే చాలా భయం మరియు ఆందోళన వేస్తుంది. ilaane saaguthundi,Telugu,negative,anxiety,-0.6
aarambathil ravile meditation cheythu mind fresh aayi,Malayalam (Manglish),positive,calm,0.65
nalathe divasam nallathavum ennu njan aashikkunnu valare pradhaanamaanu,Malayalam (Manglish),positive,hopeful,0.5
friends kooda pesumpodhu chai kudichutu peaceful ah book padichen manasula irukku,Tamil (Tanglish),positive,calm,0.6
"Reflecting on today, it is so over for me nothing works out trying to process it all.",English,negative,sadness,-0.8
sathyam paranjaal മനസ്സിന് നല്ലൊരു ശാന്തിയും സമാധാനവും അനുഭവപ്പെടുന്നു. valare pradhaanamaanu,Malayalam,positive,calm,0.6
eeroju naaku anipinchindi results ela vasthayo ani chala tension paduthunna kachithanga manchidi jaruguthundi,Telugu (Tenglish),negative,anxiety,-0.55
friends tho matladinapudu naaku chaala bagundi super happy day manasulo undi,Telugu (Tenglish),positive,joy,0.85
office aypoyaka kallalo neellu aagadam ledu chala baadha chala important,Telugu (Tenglish),negative,sadness,-0.85
innu enikku thonni naale meeting undu athinte kaaryangal nokki,Malayalam (Manglish),neutral,neutral,0.0
asalu cheppalante pichi lesthondi chala kopam ga undi kani em chestham,Telugu (Tenglish),negative,stress,-0.8
unmaiya sollanum na Inniku romba frustrating ah irundhuchu work mudiyala full energy poiduchu kandippa nalladhu nadakkum,Tamil (Tanglish),negative,stress,-0.7
overall ga chusthe chala bagundi eeroju chala important,Telugu (Tenglish),positive,joy,0.85
friends tho matladinapudu eeroju naaku chala baadha ga undi,Telugu (Tenglish),negative,sadness,-0.8
"Reflecting on today, gugu gaga",English,neutral,neutral,0.0
మీ సళ్ళు జాగ్రత్త aa,Telugu,negative,stress,-0.6
deadline eppol theerkkum ennu orthu valare vishamam theerchayayum nallathu sambhavikkum,Malayalam (Manglish),negative,stress,-0.55
raathri aayappol innu manassil valare vishamam aayirunnu kannuneer vannu njan orkkunnu,Malayalam (Manglish),negative,sadness,-0.85
"In all fairness, i feel happy very today as time goes by.",English,positive,joy,0.85
naaku chala badhaga undi ilaane saaguthundi,Telugu (Tenglish),negative,sadness,-0.8
starting la semma gaand aagudhu romba kovam ennala mudiyala,Tamil (Tanglish),negative,stress,-0.8
sathiyama solren sogama iruken yaarum kooda illa romba mukkiyam,Tamil (Tanglish),negative,sadness,-0.8
nijanga cheppalante interview mundhu chala panic ayyanu heartbeat fast ga undi chala important,Telugu (Tenglish),negative,anxiety,-0.6
naalaiku meeting schedule aagirukku 3 manikku manasula irukku,Tamil (Tanglish),neutral,neutral,0.0
doston ke sath baat karke mujhe bhavishya ko lekar bohot chinta hai aage dekhte hai,Hindi (Hinglish),negative,anxiety,-0.6
night padukune mundhu eroju chala frustrating ga undi work lo problems vachi full energy aypoyindi chala important,Telugu (Tenglish),negative,stress,-0.7
eeroju naaku anipinchindi pichi lesthondi chala kopam ga undi,Telugu (Tenglish),negative,stress,-0.8
"Honestly speaking, so annoying and frustrating everything went wrong",English,negative,stress,-0.75
friends tho matladinapudu chala badhaga undi manasu antha dukham tho nindi poyindi manasulo undi,Telugu (Tenglish),negative,sadness,-0.75
"nijanga cheppalante హృదయం ముక్కలైపోయినట్లు అనిపిస్తుంది, ఏమీ తోచడం లేదు.",Telugu,negative,sadness,-0.85
"When i when the when when I when, my whens become whats and my whats become when. Fein moving forward regardless.",English,neutral,neutral,0.0
shuruat me aaj ka din bohot accha raha celebration hua zaroor accha hoga,Hindi (Hinglish),positive,joy,0.8
"night time la இன்று ஒரு சாதாரண நாள், வழக்கமான வேலைகள் முடிந்தன. aana enna panna",Tamil,neutral,neutral,0.0
udayam nunchi future gurinchi chala bhayam ga undi emi cheyalo telidu kachithanga manchidi jaruguthundi,Telugu (Tenglish),negative,anxiety,-0.6
aarambathil മനസ്സിൽ വലിയ ആകുലതയും ഭയവും നിറഞ്ഞുനിൽക്കുന്നു. manassilund,Malayalam,negative,anxiety,-0.55
night time la இன்று மனம் மிகவும் அமைதியாகவும் நிம்மதியாகவும் உள்ளது. romba mukkiyam,Tamil,positive,calm,0.6
"Looking back at the day, so annoying and frustrating everything went wrong just putting thoughts into words.",English,negative,stress,-0.75
Pove lanja,Telugu,negative,stress,-0.6
"such bolu toh आज मन में बहुत शांति और सुकून है, कोई हड़बड़ी नहीं। aage dekhte hai",Hindi,positive,calm,0.6
sathyam paranjaal nalathe divasam nallathavum ennu njan aashikkunnu manassilund,Malayalam (Manglish),positive,hopeful,0.5
nijanga cheppalante groceries thechi dinner chesukuni padukunna ilaane saaguthundi,Telugu (Tenglish),neutral,neutral,0.0
"Reflecting on today, Believing in my capacity to grow and overcome these hurdles. taking one step at a time.",English,positive,hopeful,0.5
"Honestly speaking, i feel really happy today just putting thoughts into words.",English,positive,joy,0.85
dimag bilkul kharab ho chuka hai itni tension me dil me chal raha hai,Hindi (Hinglish),negative,stress,-0.7
inniku enaku thonuchu nimmathiya irukku manasu romba relaxed kandippa nalladhu nadakkum,Tamil (Tanglish),positive,calm,0.65
shuruat me family ke sath time spend kiya bohot khushi hui zaroor accha hoga,Hindi (Hinglish),positive,joy,0.85
doston ke sath baat karke bohot gussa aa raha hai dimag phat raha hai bohot zaroori hai,Hindi (Hinglish),negative,stress,-0.8
overall ga chusthe manasulo chala aashanthi ga ghabrahat ga undi night sleep ledu kani em chestham,Telugu (Tenglish),negative,anxiety,-0.5
starting la வெற்றி கிடைத்ததால் அளவில்லாத மகிழ்ச்சி அடைந்தேன். romba mukkiyam,Tamil,positive,joy,0.9
sathyam paranjal naalathe kaaryam orthu valare pedi aavunnu ennalum enthu cheyyaan,Malayalam (Manglish),negative,anxiety,-0.6
night padukune mundhu groceries thechi dinner chesukuni padukunna kani em chestham,Telugu (Tenglish),neutral,neutral,0.0
Movie  block buster Mass jathara bomma daddarillipoyindi in theatres super dooper hit,Telugu,neutral,neutral,0.0
ఈ రోజు మనసు చాలా ప్రశాంతంగా మరియు నిశ్శబ్దంగా ఉంది. kani em chestham,Telugu,positive,calm,0.6
friends kooda pesumpodhu enna panna poren nu theriyama thinaruren romba panic aana enna panna,Tamil (Tanglish),negative,anxiety,-0.6
kaalaila irundhe enakku sogam aa irukku romba mukkiyam,Tamil (Tanglish),negative,sadness,-0.8
aarambathil innu manassil valare vishamam aayirunnu kannuneer vannu valare pradhaanamaanu,Malayalam (Manglish),negative,sadness,-0.85
office ke baad subah meditation kiya mind bilkul relaxed ho gaya aage dekhte hai,Hindi (Hinglish),positive,calm,0.65
such me bolu toh results ka soch kar ghabrahat ho rahi hai neend nahi aa rahi zaroor accha hoga,Hindi (Hinglish),negative,anxiety,-0.55
aarambathil kure issues undayirunnu ennalum nalla oru pratheeksha undu manassilund,Malayalam (Manglish),positive,hopeful,0.55
"office ke baad मन में बहुत बेचैनी है, समझ नहीं आ रहा क्या करूं।",Hindi,negative,anxiety,-0.5
joli kazhinju നാളെ എന്ത് സംഭവിക്കും എന്നോർത്ത് വലിയ പേടിയാണ്.,Malayalam,negative,anxiety,-0.6
kaalaila irundhe bayama irukku manasula full ah anxiety panic ennala mudiyala,Tamil (Tanglish),negative,anxiety,-0.6
office ke baad mujhe future ko lekar bahut anxiety aur tension ho rahi hai bohot zaroori hai,Hindi (Hinglish),negative,anxiety,-0.6
nijanga cheppalante interview mundhu chala panic ayyanu heartbeat fast ga undi kachithanga manchidi jaruguthundi,Telugu (Tenglish),negative,anxiety,-0.6
nijanga cheppalante groceries thechi dinner chesukuni padukunna nenu thaluchukuntunna,Telugu (Tenglish),neutral,neutral,0.0
such me bolu toh family ke sath time spend kiya bohot khushi hui dil me chal raha hai,Hindi (Hinglish),positive,joy,0.85
results ka soch kar ghabrahat ho rahi hai neend nahi aa rahi dil me chal raha hai,Hindi (Hinglish),negative,anxiety,-0.55
"From the morning, tweaking over these deadlines so nervous and stressed moving forward regardless.",English,negative,anxiety,-0.65
office aypoyaka nammakam undi anni set aypothai kachithanga manchidi jaruguthundi,Telugu (Tenglish),positive,hopeful,0.5
Jagan bochukuda pikaleru 2024 malli jagan cm,Telugu,negative,stress,-0.6
friends kooda pesumpodhu routine velai ella mudinjidhu,Tamil (Tanglish),neutral,neutral,0.0
aaj bohot frustrating din tha kaam karte karte full energy khatam ho gayi,Hindi (Hinglish),negative,stress,-0.75
"Just realized that Constantly dreading what tomorrow might bring, cannot sleep at all. trying to process it all.",English,negative,anxiety,-0.6
such me bolu toh bohot dukh ho raha hai rona aa raha hai aage dekhte hai,Hindi (Hinglish),negative,sadness,-0.8
office ke baad मुश्किल समय में भी उम्मीद की किरण दिखाई देती है। par kya hi kar sakte hai,Hindi,positive,hopeful,0.6
"Reflecting on today, staying silent with focused posture in silence enjoying pure peace and solitude keeping this in mind.",English,positive,calm,0.6
ravile muthal exam orthu manassil aakulam thonnikunnu night sleep illa valare pradhaanamaanu,Malayalam (Manglish),negative,anxiety,-0.55
overall ah paatha மனதில் இனம் புரியாத பயமும் பதற்றமும் நிறைந்துள்ளது. ippadiye poitu irukku,Tamil,negative,anxiety,-0.55
naaku ee roju em nachaledhu manasu antha baram ga undi,Telugu (Tenglish),negative,sadness,-0.8
such me bolu toh grocery kharid ke laya aur kaam kiya aage dekhte hai,Hindi (Hinglish),neutral,neutral,0.0
friends tho matladinapudu starting lo kastam ga anipinchindi kani ipudu baga improve ayyindi chala important,Telugu (Tenglish),mixed,hopeful,0.45
raat ko sochte huye aaj ka din bas normal raha koi khaas baat nahi,Hindi (Hinglish),neutral,neutral,0.0
sathyam paranjaal നാളെ എന്ത് സംഭവിക്കും എന്നോർത്ത് വലിയ പേടിയാണ്. valare pradhaanamaanu,Malayalam,negative,anxiety,-0.6
friendsine kandappol മനസ്സിൽ വലിയ ആകുലതയും ഭയവും നിറഞ്ഞുനിൽക്കുന്നു. ennalum enthu cheyyaan,Malayalam,negative,anxiety,-0.55
overall aayi nokkiyaal adipoli divasam aayirunnu full polichu manassilund,Malayalam (Manglish),positive,joy,0.85
such bolu toh dil me ajeeb si bechaini aur ghabrahat ho rahi hai bohot zaroori hai,Hindi (Hinglish),negative,anxiety,-0.55
"From the morning, i feel so happy today hoping for the best.",English,positive,joy,0.85
raat ko sochte huye subah meditation kiya mind bilkul relaxed ho gaya zaroor accha hoga,Hindi (Hinglish),positive,calm,0.65
aarambathil ithu maarum ennu vishwasam undu future nannavum manassilund,Malayalam (Manglish),positive,hopeful,0.6
"raat ko sochte huye आज मन में बहुत शांति और सुकून है, कोई हड़बड़ी नहीं। dil me chal raha hai",Hindi,positive,calm,0.6
office aypoyaka eeroju manasulo chala prashantham ga undi shanti ga unnanu kani em chestham,Telugu (Tenglish),positive,calm,0.6
inniku enaku thonuchu sogama iruken yaarum kooda illa kandippa nalladhu nadakkum,Tamil (Tanglish),negative,sadness,-0.8
"In all fairness, a little delusional with hopeful fantasy but staying positive and moving forward taking one step at a time.",English,positive,hopeful,0.55
night padukune mundhu eeroju naaku chala baadha ga undi ilaane saaguthundi,Telugu (Tenglish),negative,sadness,-0.8
aaj mujhe aisa laga ki aaj ka din bas normal raha koi khaas baat nahi bohot zaroori hai,Hindi (Hinglish),neutral,neutral,0.0
eeroju naaku anipinchindi interview mundhu chala panic ayyanu heartbeat fast ga undi chala important,Telugu (Tenglish),negative,anxiety,-0.6
"Reflecting on today, i LOVE this so much specifically moving forward regardless.",English,positive,joy,0.85
udayam nunchi rojantha kashtapadi body motham alasata ga noppulu ga undi kani em chestham,Telugu (Tenglish),negative,stress,-0.55
shuruat me subah meditation kiya mind bilkul relaxed ho gaya par kya hi kar sakte hai,Hindi (Hinglish),positive,calm,0.65
romba kovama irukku manasula kandippa nalladhu nadakkum,Tamil (Tanglish),negative,stress,-0.8
doston ke sath baat karke mujhe future ko lekar bahut anxiety aur tension ho rahi hai bohot zaroori hai,Hindi (Hinglish),negative,anxiety,-0.6
overall ah paatha inniku office la work load romba athigam mudiyala thala vali aana enna panna,Tamil (Tanglish),negative,stress,-0.65
inniku enaku thonuchu azhugaiya varudhu manasu romba valikudhu manasula irukku,Tamil (Tanglish),negative,sadness,-0.85
raathri aayappol interview orthu chankidikkunnu tension aavunnu valare pradhaanamaanu,Malayalam (Manglish),negative,anxiety,-0.5
ravile muthal innathe divasam valare nallathayirunnu santhosham thonni theerchayayum nallathu sambhavikkum,Malayalam (Manglish),positive,joy,0.8
"Honestly speaking, i feel happy af today and that is how it feels.",English,positive,joy,0.85
office aypoyaka chala kopam vasthondi naaku andhari meeda manasulo undi,Telugu (Tenglish),negative,stress,-0.8
overall ga chusthe pichi lesthondi chala kopam ga undi ilaane saaguthundi,Telugu (Tenglish),negative,stress,-0.8
My chest feels tight and I cannot stop overthinking every little detail. hoping for the best.,English,negative,anxiety,-0.7
raat ko sochte huye mujhe future ko lekar bahut anxiety aur tension ho rahi hai bohot zaroori hai,Hindi (Hinglish),negative,anxiety,-0.6
raat ko sochte huye aaj bohot udas hu par kya hi kar sakte hai,Hindi (Hinglish),negative,sadness,-0.8
inniku enaku thonuchu ellam pochu nu thonudhu enna panna poren ippadiye poitu irukku,Tamil (Tanglish),negative,sadness,-0.7
raathri aayappol നാളെ എന്ത് സംഭവിക്കും എന്നോർത്ത് വലിയ പേടിയാണ്. valare pradhaanamaanu,Malayalam,negative,anxiety,-0.6
"overall dekha jaye toh आज का दिन सामान्य रहा, कोई खास बात नहीं हुई। dil me chal raha hai",Hindi,neutral,neutral,0.0
"In all fairness, feeling furious, irritated and mad at everyone",English,negative,stress,-0.8
doston ke sath baat karke akela pan bohot sata raha hai koi baat karne wala nahi aage dekhte hai,Hindi (Hinglish),negative,sadness,-0.7
results ka soch kar ghabrahat ho rahi hai neend nahi aa rahi aage dekhte hai,Hindi (Hinglish),negative,anxiety,-0.55
"இன்று ஒரு சாதாரண நாள், வழக்கமான வேலைகள் முடிந்தன. manasula irukku",Tamil,neutral,neutral,0.0
sathyam paranjaal പ്രതിസന്ധികൾക്കിടയിലും പുതിയൊരു പ്രത്യാശ തോന്നുന്നു.,Malayalam,positive,hopeful,0.6
overall dekha jaye toh deadlines meet nahi ho pa rahi manager pressure daal raha hai zaroor accha hoga,Hindi (Hinglish),negative,stress,-0.65
eeroju naaku anipinchindi morning walk chesaka mind chala fresh ga calm ga undi nenu thaluchukuntunna,Telugu (Tenglish),positive,calm,0.65
aaj mujhe aisa laga ki aaj ka din bas normal raha koi khaas baat nahi par kya hi kar sakte hai,Hindi (Hinglish),neutral,neutral,0.0
నువు adadhani ve kadu,Telugu,negative,stress,-0.6
such me bolu toh aaj phir se rona aa gaya sab kuch chhoot gaya bohot zaroori hai,Hindi (Hinglish),negative,sadness,-0.85
"To be honest, Feeling grounded, mindful, and completely at peace with myself. taking one step at a time.",English,positive,calm,0.7
starting la enaku inniki sogama irukku kandippa nalladhu nadakkum,Tamil (Tanglish),negative,sadness,-0.8
"At the end of the day, Feeling overwhelming anxiety and dread about tomorrow's presentation.",English,negative,anxiety,-0.65
aarambathil innu valare frustrating aayirunnu pani theerkaan pattiyilla full energy theernnu manassilund,Malayalam (Manglish),negative,stress,-0.7
aaj mujhe aisa laga ki dil toot sa gaya hai kuch accha nahi lag raha dil me chal raha hai,Hindi (Hinglish),negative,sadness,-0.8
"Reflecting on today, Too much pressure at workplace, burning out quickly and head is pounding.",English,negative,stress,-0.75
"All things considered, i LOVE this so much specifically moving forward regardless.",English,positive,joy,0.85
udayam nunchi eroju chala bagundi chala santhosham ga unnanu manasulo undi,Telugu (Tenglish),positive,joy,0.8
shuruat me kal subah 10 baje meeting scheduled hai aage dekhte hai,Hindi (Hinglish),neutral,neutral,0.0
"At the end of the day, crying quietly because everything is so shitty as time goes by.",English,negative,sadness,-0.8
overall ah paatha kovam varudhu ellarum mela tension aaguthu aana enna panna,Tamil (Tanglish),negative,stress,-0.8
"Looking back at the day, everything is extremely delicious and wonderful and so much fun hoping for the best.",English,positive,joy,0.85
nijanga cheppalante eroju chala bagundi chala santhosham ga unnanu kani em chestham,Telugu (Tenglish),positive,joy,0.8
friends kooda pesumpodhu friends kooda outing poitu vandhom semma enjoy pannom manasula irukku,Tamil (Tanglish),positive,joy,0.8
night padukune mundhu results ela vasthayo ani chala tension paduthunna,Telugu (Tenglish),negative,anxiety,-0.55
office aypoyaka eroju chala santhosham ga undi full enjoy chesamu kachithanga manchidi jaruguthundi,Telugu (Tenglish),positive,joy,0.85
raathri aayappol തുടർച്ചയായ ജോലികൾ കാരണം തലവേദനയും ക്ഷീണവും അനുഭവപ്പെടുന്നു. ennalum enthu cheyyaan,Malayalam,negative,stress,-0.6
subah se hi chai pite huye shanti se baithe the dil me chal raha hai,Hindi (Hinglish),positive,calm,0.55
office aypoyaka eroju normal ga gadichindi peddaga em ledu kachithanga manchidi jaruguthundi,Telugu (Tenglish),neutral,neutral,0.0
"crying quietly because everything is so terrible, depressing, and miserable taking one step at a time.",English,negative,sadness,-0.8
sathiyama solren romba kovama irukku manasula kandippa nalladhu nadakkum,Tamil (Tanglish),negative,stress,-0.8
ravile muthal innu valare sankadam thonnunnu manassilund,Malayalam (Manglish),negative,sadness,-0.8
asalu cheppalante ఈ రోజు మనసు చాలా ప్రశాంతంగా మరియు నిశ్శబ్దంగా ఉంది. manasulo undi,Telugu,positive,calm,0.6
raat ko sochte huye aaj bohot frustrating din tha kaam karte karte full energy khatam ho gayi dil me chal raha hai,Hindi (Hinglish),negative,stress,-0.75
"Reflecting on today, i am cooked bro everything is falling apart taking one step at a time.",English,negative,stress,-0.75
friends kooda pesumpodhu enakku romba sogam aa iruku ippadiye poitu irukku,Tamil (Tanglish),negative,sadness,-0.8
friends kooda pesumpodhu மனதில் இனம் புரியாத பயமும் பதற்றமும் நிறைந்துள்ளது.,Tamil,negative,anxiety,-0.55
asalu cheppalante repu office lo meeting undi time ki vellali kachithanga manchidi jaruguthundi,Telugu (Tenglish),neutral,neutral,0.0
starting la Full day busy ah irundhu romba exhausted aayiten manasula irukku,Tamil (Tanglish),negative,stress,-0.55
starting la எனக்கு இன்று மிகவும் சோகமாக இருக்கிறது. romba mukkiyam,Tamil,negative,sadness,-0.8
"sathiyama solren இன்று வேலை அழுத்தம் தாங்க முடியவில்லை, மிகவும் சிரமமாக உள்ளது. ennala mudiyala",Tamil,negative,stress,-0.65
nijanga cheppalante eroju chala bagundi chala santhosham ga unnanu chala important,Telugu (Tenglish),positive,joy,0.8
"आज ऑफिस में काम का बहुत दबाव था, सिर दर्द हो रहा है। zaroor accha hoga",Hindi,negative,stress,-0.65
joli kazhinju adipoli divasam aayirunnu full polichu ennalum enthu cheyyaan,Malayalam (Manglish),positive,joy,0.85
"Overall feeling, Heavy chest and unable to find joy in anything today. moving forward regardless.",English,negative,sadness,-0.85
"To be honest, I am in extreme trouble and stressed brother everything is falling apart just putting thoughts into words.",English,negative,stress,-0.75
office aypoyaka naaku assalu nachatledu chala badhaga undi nenu thaluchukuntunna,Telugu (Tenglish),negative,sadness,-0.75
shuruat me results ka soch kar ghabrahat ho rahi hai neend nahi aa rahi bohot zaroori hai,Hindi (Hinglish),negative,anxiety,-0.55
enikku innu onnum ishtamayilla manassu thakarnnu njan orkkunnu,Malayalam (Manglish),negative,sadness,-0.75
"At the end of the day, a little delusional with hopeful fantasy but staying positive and moving forward moving forward regardless.",English,positive,hopeful,0.55
"Looking back at the day, got suddenly abandoned and ignored and ruined a wonderful opportunity everything feels miserable trying to process it all.",English,negative,sadness,-0.8
420 reddy lenja vachhindi,Telugu,negative,stress,-0.6
"Honestly speaking, we are so back huge w celebration today trying to process it all.",English,positive,joy,0.9
"raat ko sochte huye आज मन में बहुत शांति और सुकून है, कोई हड़बड़ी नहीं। par kya hi kar sakte hai",Hindi,positive,calm,0.6
udayam nunchi chala bagundi eeroju kani em chestham,Telugu (Tenglish),positive,joy,0.85
"starting la இன்று மிகவும் மகிழ்ச்சியான நாள், எல்லோருடனும் கொண்டாடினோம். ennala mudiyala",Tamil,positive,joy,0.85
"overall dekha jaye toh आज का दिन बहुत शानदार रहा, परिवार के साथ बहुत खुशी मिली।",Hindi,positive,joy,0.85
office aypoyaka emi jaruguthundo asalu ardam kavatledu chala tension kachithanga manchidi jaruguthundi,Telugu (Tenglish),negative,anxiety,-0.55
nijanga cheppalante future gurinchi chala bhayam ga undi emi cheyalo telidu manasulo undi,Telugu (Tenglish),negative,anxiety,-0.6
innu enikku thonni interview orthu chankidikkunnu tension aavunnu theerchayayum nallathu sambhavikkum,Malayalam (Manglish),negative,anxiety,-0.5
subah se hi bohot khush hu aaj doston ke sath maza aaya zaroor accha hoga,Hindi (Hinglish),positive,joy,0.85
"Honestly speaking, Overloaded with work and feel utterly stressed and fatigued. just putting thoughts into words.",English,negative,stress,-0.65
"At the end of the day, Feeling heartbroken, lonely, and crying quietly in my room. and that is how it feels.",English,negative,sadness,-0.8
innu enikku thonni nalla oru shanthamaya divasam aayirunnu ashwasam thonnunnu theerchayayum nallathu sambhavikkum,Malayalam (Manglish),positive,calm,0.6
such me bolu toh results ka soch kar ghabrahat ho rahi hai neend nahi aa rahi,Hindi (Hinglish),negative,anxiety,-0.55
"All things considered, Too much pressure at workplace, burning out quickly and head is pounding.",English,negative,stress,-0.75
just random text nonsense wordplay and testing notes trying to process it all.,English,neutral,neutral,0.0
naaku chala bagundi ilaane saaguthundi,Telugu (Tenglish),positive,joy,0.85
"ఈ రోజు చాలా బాధగా మరియు ఒంటరిగా ఉంది, మనసంతా భారంగా ఉంది.",Telugu,negative,sadness,-0.8
sathyam paranjaal just casual note ezhuthukayanu,Malayalam (Manglish),neutral,neutral,0.0
overall ah paatha family kooda time spend panninen manasuku romba happy ippadiye poitu irukku,Tamil (Tanglish),positive,joy,0.85
office aypoyaka family tho kalisi chala happy time spend chesamu,Telugu (Tenglish),positive,joy,0.85
innu enikku thonni നിശ്ശബ്ദമായ പ്രഭാതം മനസ്സിന് കുളിർമ നൽകി. manassilund,Malayalam,positive,calm,0.65
sathyam paranjal just casual note ezhuthukayanu,Malayalam (Manglish),neutral,neutral,0.0
night padukune mundhu naaku assalu nachatledu chala badhaga undi nenu thaluchukuntunna,Telugu (Tenglish),negative,sadness,-0.75
ravile muthal njan innale valare santhoshavan aayirunnu friendsine kandu theerchayayum nallathu sambhavikkum,Malayalam (Manglish),positive,joy,0.85
"All things considered, Completed the daily routine tasks and logged off. and that is how it feels.",English,neutral,neutral,0.0
asalu cheppalante భవిష్యత్తు గురించి ఆలోచిస్తుంటే చాలా భయం మరియు ఆందోళన వేస్తుంది. kachithanga manchidi jaruguthundi,Telugu,negative,anxiety,-0.6
overall aayi nokkiyaal exam orthu manassil aakulam thonnikunnu night sleep illa njan orkkunnu,Malayalam (Manglish),negative,anxiety,-0.55
sathyam paranjaal valare pedi aavunnu aashanka aakulam undu theerchayayum nallathu sambhavikkum,Malayalam (Manglish),negative,anxiety,-0.6
sathyam paranjal nalathe divasam nallathavum ennu njan aashikkunnu,Malayalam (Manglish),positive,hopeful,0.5
such bolu toh aaj phir se rona aa gaya sab kuch chhoot gaya dil me chal raha hai,Hindi (Hinglish),negative,sadness,-0.85
"ഇന്ന് എനിക്ക് വളരെ സന്തോഷം തോന്നി, എല്ലാം നല്ല രീതിയിൽ നടന്നു. ennalum enthu cheyyaan",Malayalam,positive,joy,0.85
office ke baad kal ka din behtar hoga aisi aasha hai aage dekhte hai,Hindi (Hinglish),positive,hopeful,0.5
"Sitting quietly right now, Feeling overwhelming anxiety and dread about tomorrow's presentation. taking one step at a time.",English,negative,anxiety,-0.65
"In all fairness, just random text nonsense wordplay and testing notes keeping this in mind.",English,neutral,neutral,0.0
innu enikku thonni grocery vaangi veettil ethi dinner kazhichu valare pradhaanamaanu,Malayalam (Manglish),neutral,neutral,0.0
such bolu toh akela pan bohot sata raha hai koi baat karne wala nahi zaroor accha hoga,Hindi (Hinglish),negative,sadness,-0.7
"subah se hi मन में बहुत बेचैनी है, समझ नहीं आ रहा क्या करूं। dil me chal raha hai",Hindi,negative,anxiety,-0.5
"In all fairness, i feel happy af today just putting thoughts into words.",English,positive,joy,0.85
raathri aayappol മനസ്സിൽ വലിയ ആകുലതയും ഭയവും നിറഞ്ഞുനിൽക്കുന്നു. valare pradhaanamaanu,Malayalam,negative,anxiety,-0.55
నిది చూపించు దెబ్బకి సెట్ ఐపోయిది రోజాకు,Telugu,negative,stress,-0.6
starting lo future gurinchi chala positive aashaga unnanu nenu thaluchukuntunna,Telugu (Tenglish),positive,hopeful,0.6
"In all fairness, literally crashing out right now so mad and overwhelmed taking one step at a time.",English,negative,stress,-0.85
starting lo interview mundhu chala panic ayyanu heartbeat fast ga undi chala important,Telugu (Tenglish),negative,anxiety,-0.6
sathyam paranjaal naalathe kaaryam orthu valare pedi aavunnu valare pradhaanamaanu,Malayalam (Manglish),negative,anxiety,-0.6
aarambathil കൂട്ടുകാരോടൊപ്പം ചെലവഴിച്ച സമയം വളരെ ആനന്ദകരമായിരുന്നു. theerchayayum nallathu sambhavikkum,Malayalam,positive,joy,0.9
friends tho matladinapudu family tho kalisi chala happy time spend chesamu chala important,Telugu (Tenglish),positive,joy,0.85
"Overall feeling, got ghosted and fumbled everything feels miserable hoping for the best.",English,negative,sadness,-0.8
such bolu toh aaj bohot frustrating din tha kaam karte karte full energy khatam ho gayi,Hindi (Hinglish),negative,stress,-0.75
"Lately, crying quietly because everything is so terrible, depressing, and miserable taking one step at a time.",English,negative,sadness,-0.8
"Truth be told, Today was calm and quiet, enjoyed a slow peaceful morning. taking one step at a time.",English,positive,calm,0.55
"night time la Naan work complete panna try pannitu irundhen, but every time some new problem vandhuchu full energy poiduchu kandippa nalladhu nadakkum",Tamil (Tanglish),negative,stress,-0.7
raathri aayappol grocery vaangi veettil ethi dinner kazhichu valare pradhaanamaanu,Malayalam (Manglish),neutral,neutral,0.0
asalu cheppalante manasuki chala shanti ga anipinchindi silent evening manasulo undi,Telugu (Tenglish),positive,calm,0.55
starting lo continuous meetings valla chala burnout aypoyanu,Telugu (Tenglish),negative,stress,-0.65
innu enikku thonni enikku innu sankadamaanu valare vishamam valare pradhaanamaanu,Malayalam (Manglish),negative,sadness,-0.8
Just realized that i feel very happy today just putting thoughts into words.,English,positive,joy,0.85
sathyam paranjaal innu valare sankadam thonnunnu manassilund,Malayalam (Manglish),negative,sadness,-0.8
overall ah paatha Continuous deadlines nala thala vali edukuthu romba stress kandippa nalladhu nadakkum,Tamil (Tanglish),negative,stress,-0.7
kaalaila irundhe inniki romba sogama iruku,Tamil (Tanglish),negative,sadness,-0.8
friends tho matladinapudu భవిష్యత్తు గురించి ఆలోచిస్తుంటే చాలా భయం మరియు ఆందోళన వేస్తుంది. kani em chestham,Telugu,negative,anxiety,-0.6
எனக்கு இன்று மிகவும் சோகமாக இருக்கிறது. aana enna panna,Tamil,negative,sadness,-0.8
"such bolu toh आज ऑफिस में काम का बहुत दबाव था, सिर दर्द हो रहा है।",Hindi,negative,stress,-0.65
overall aayi nokkiyaal innu manassil valare vishamam aayirunnu kannuneer vannu njan orkkunnu,Malayalam (Manglish),negative,sadness,-0.85
joli kazhinju ഇന്ന് വളരെ ദുഃഖം നിറഞ്ഞ ദിവസമായിരുന്നു. valare pradhaanamaanu,Malayalam,negative,sadness,-0.75
eeroju naaku anipinchindi family tho kalisi chala happy time spend chesamu kani em chestham,Telugu (Tenglish),positive,joy,0.85
"Truth be told, staying silent with focused posture in silence enjoying pure peace and solitude trying to process it all.",English,positive,calm,0.6
"Overall feeling, i feel so sad and lonely today taking one step at a time.",English,negative,sadness,-0.8
subah se hi aaj ka din bas normal raha koi khaas baat nahi bohot zaroori hai,Hindi (Hinglish),neutral,neutral,0.0
మాకు అభివృద్ధి వద్దు నవరత్నాలు చిల్లరే ముద్దు..,Telugu,negative,stress,-0.6
"At the end of the day, feeling super happy and energized today keeping this in mind.",English,positive,joy,0.9
udayam nunchi emi jaruguthundo asalu ardam kavatledu chala tension kachithanga manchidi jaruguthundi,Telugu (Tenglish),negative,anxiety,-0.55
udayam nunchi eeroju manasulo chala prashantham ga undi shanti ga unnanu ilaane saaguthundi,Telugu (Tenglish),positive,calm,0.6
"Right now, Just writing a quick factual note for today. as time goes by.",English,neutral,neutral,0.0
starting la Inniku romba frustrating ah irundhuchu work mudiyala full energy poiduchu manasula irukku,Tamil (Tanglish),negative,stress,-0.7
office ke baad subah meditation kiya mind bilkul relaxed ho gaya zaroor accha hoga,Hindi (Hinglish),positive,calm,0.65
मुझे भविष्य को लेकर बहुत चिंता और घबराहट हो रही है। bohot zaroori hai,Hindi,negative,anxiety,-0.6
office ke baad kal ka din behtar hoga aisi aasha hai zaroor accha hoga,Hindi (Hinglish),positive,hopeful,0.5
"Sitting quietly right now, mewing in silence enjoying pure peace and solitude",English,positive,calm,0.6
inniki romba sogama iruku romba mukkiyam,Tamil (Tanglish),negative,sadness,-0.8
office ke baad bohot khush hu aaj doston ke sath maza aaya par kya hi kar sakte hai,Hindi (Hinglish),positive,joy,0.85
starting la grocery vaangitu vandhu dinner saaptom aana enna panna,Tamil (Tanglish),neutral,neutral,0.0
"Looking back at the day, lost control in extreme anger over this deceitful nonsense and frustration situation for fuck sake feeling extreme annoyance and that is how it feels.",English,negative,stress,-0.85
overall ah paatha இயற்கையின் மடியில் அமைதியான மற்றும் தெளிவான தருணம். aana enna panna,Tamil,positive,calm,0.65
"Looking back at the day, crashed out over this bullshit situation ffs taking one step at a time.",English,negative,stress,-0.85
aarambathil manassil oru nalla aashanka undu overthinking manassilund,Malayalam (Manglish),negative,anxiety,-0.45
overall aayi nokkiyaal nalathe divasam nallathavum ennu njan aashikkunnu,Malayalam (Manglish),positive,hopeful,0.5
subah se hi aaj ka din bas normal raha koi khaas baat nahi dil me chal raha hai,Hindi (Hinglish),neutral,neutral,0.0
innu enikku thonni കൂട്ടുകാരോടൊപ്പം ചെലവഴിച്ച സമയം വളരെ ആനന്ദകരമായിരുന്നു. njan orkkunnu,Malayalam,positive,joy,0.9
aarambathil manassil valare aashwasam thonnunnu silent day,Malayalam (Manglish),positive,calm,0.55
overall ah paatha starting la kashtam dhaan aana ippo nalla improve aagudhu aana enna panna,Tamil (Tanglish),mixed,hopeful,0.45
overall dekha jaye toh dil toot sa gaya hai kuch accha nahi lag raha bohot zaroori hai,Hindi (Hinglish),negative,sadness,-0.8
joli kazhinju deadline eppol theerkkum ennu orthu valare vishamam njan orkkunnu,Malayalam (Manglish),negative,stress,-0.55
sathiyama solren nambikkai irukku seekiram ellam seri aagum romba mukkiyam,Tamil (Tanglish),positive,hopeful,0.6
naalaiku meeting schedule aagirukku 3 manikku,Tamil (Tanglish),neutral,neutral,0.0
"shuruat me मन में बहुत उदासी और अकेलापन है, रोना आ रहा है। par kya hi kar sakte hai",Hindi,negative,sadness,-0.8
nijanga cheppalante భవిష్యత్తు గురించి ఆలోచిస్తుంటే చాలా భయం మరియు ఆందోళన వేస్తుంది. manasulo undi,Telugu,negative,anxiety,-0.6
overall dekha jaye toh aaj ka din bas normal raha koi khaas baat nahi par kya hi kar sakte hai,Hindi (Hinglish),neutral,neutral,0.0
రోకలి బండి సరిపోయిద నికు,Telugu,negative,stress,-0.6
sathyam paranjal bhayangara deshyam varunnu kali aavunnu theerchayayum nallathu sambhavikkum,Malayalam (Manglish),negative,stress,-0.75
friends tho matladinapudu morning walk chesaka mind chala fresh ga calm ga undi chala important,Telugu (Tenglish),positive,calm,0.65
overall ah paatha manasu amaidhiyaaga irukku oru tension um illa manasula irukku,Tamil (Tanglish),positive,calm,0.55
shuruat me grocery kharid ke laya aur kaam kiya zaroor accha hoga,Hindi (Hinglish),neutral,neutral,0.0
"ravile muthal ഇന്ന് ഒരു സാധാരണ ദിവസമായിരുന്നു, വലിയ വിശേഷങ്ങളൊന്നുമില്ല. valare pradhaanamaanu",Malayalam,neutral,neutral,0.0
njan innale valare santhoshavan aayirunnu friendsine kandu theerchayayum nallathu sambhavikkum,Malayalam (Manglish),positive,joy,0.85
unmaiya sollanum na just daily task update note panren,Tamil (Tanglish),neutral,neutral,0.0
eroju normal ga gadichindi peddaga em ledu ilaane saaguthundi,Telugu (Tenglish),neutral,neutral,0.0
raat ko sochte huye aaj office me bahut jyada stress tha kaam ka bojh badh gaya zaroor accha hoga,Hindi (Hinglish),negative,stress,-0.65
overall ga chusthe naaku chala badhaga undi,Telugu (Tenglish),negative,sadness,-0.8
"Reflecting on today, Feeling grounded, mindful, and completely at peace with myself. just putting thoughts into words.",English,positive,calm,0.7
friends kooda pesumpodhu வெற்றி கிடைத்ததால் அளவில்லாத மகிழ்ச்சி அடைந்தேன். manasula irukku,Tamil,positive,joy,0.9
overall ah paatha எனக்கு இன்று மிகவும் சோகமாக இருக்கிறது.,Tamil,negative,sadness,-0.8
"Looking back at the day, tweaking over these deadlines so nervous and stressed as time goes by.",English,negative,anxiety,-0.65
office aypoyaka rojantha kashtapadi body motham alasata ga noppulu ga undi chala important,Telugu (Tenglish),negative,stress,-0.55
"Looking back at the day, feeling super happy and energized today keeping this in mind.",English,positive,joy,0.9
sathyam paranjaal interview orthu chankidikkunnu tension aavunnu ennalum enthu cheyyaan,Malayalam (Manglish),negative,anxiety,-0.5
innu enikku thonni kure pani koodi kidakkunnu thala vedhana edukkunnu manassilund,Malayalam (Manglish),negative,stress,-0.6
starting lo chala bagundi eeroju nenu thaluchukuntunna,Telugu (Tenglish),positive,joy,0.85
"To be honest, got ghosted and fumbled everything feels miserable taking one step at a time.",English,negative,sadness,-0.8
subah se hi मुश्किल समय में भी उम्मीद की किरण दिखाई देती है। par kya hi kar sakte hai,Hindi,positive,hopeful,0.6
friends kooda pesumpodhu Full day busy ah irundhu romba exhausted aayiten romba mukkiyam,Tamil (Tanglish),negative,stress,-0.55
repu office lo meeting undi time ki vellali,Telugu (Tenglish),neutral,neutral,0.0
ravile muthal just casual note ezhuthukayanu valare pradhaanamaanu,Malayalam (Manglish),neutral,neutral,0.0
"innu enikku thonni ഇന്ന് ഒരു സാധാരണ ദിവസമായിരുന്നു, വലിയ വിശേഷങ്ങളൊന്നുമില്ല. theerchayayum nallathu sambhavikkum",Malayalam,neutral,neutral,0.0
shuruat me chai pite huye shanti se baithe the zaroor accha hoga,Hindi (Hinglish),positive,calm,0.55
raathri aayappol manassil oru nalla aashanka undu overthinking valare pradhaanamaanu,Malayalam (Manglish),negative,anxiety,-0.45
office ke baad aaj ka din bohot accha raha celebration hua bohot zaroori hai,Hindi (Hinglish),positive,joy,0.8
sathiyama solren starting la kashtam dhaan aana ippo nalla improve aagudhu aana enna panna,Tamil (Tanglish),mixed,hopeful,0.45
raat ko sochte huye bohot gussa aa raha hai dimag phat raha hai bohot zaroori hai,Hindi (Hinglish),negative,stress,-0.8
shuruat me मुझे भविष्य को लेकर बहुत चिंता और घबराहट हो रही है।,Hindi,negative,anxiety,-0.6
eeroju naaku anipinchindi naaku chala badhaga undi nenu thaluchukuntunna,Telugu (Tenglish),negative,sadness,-0.8
"overall dekha jaye toh आज का दिन बहुत शानदार रहा, परिवार के साथ बहुत खुशी मिली। par kya hi kar sakte hai",Hindi,positive,joy,0.85
"innu enikku thonni ഇന്ന് ഒരു സാധാരണ ദിവസമായിരുന്നു, വലിയ വിശേഷങ്ങളൊന്നുമില്ല. njan orkkunnu",Malayalam,neutral,neutral,0.0
overall dekha jaye toh kal subah 10 baje meeting scheduled hai bohot zaroori hai,Hindi (Hinglish),neutral,neutral,0.0
"such bolu toh आज का दिन बहुत शानदार रहा, परिवार के साथ बहुत खुशी मिली।",Hindi,positive,joy,0.85
night padukune mundhu results ela vasthayo ani chala tension paduthunna chala important,Telugu (Tenglish),negative,anxiety,-0.55
"Honestly speaking, i feel really happy today hoping for the best.",English,positive,joy,0.85
sathyam paranjal innu joliyil bhayangara stress aayirunnu ottum samayam kittiyilla valare pradhaanamaanu,Malayalam (Manglish),negative,stress,-0.65
"Reflecting on today, everything is bussin and so much fun and that is how it feels.",English,positive,joy,0.85
udayam nunchi ప్రకృతి మధ్యలో ప్రశాంతమైన క్షణాలు గడిపాను. kachithanga manchidi jaruguthundi,Telugu,positive,calm,0.65
night time la just daily task update note panren ippadiye poitu irukku,Tamil (Tanglish),neutral,neutral,0.0
"Looking back at the day, Gentle rain outside, feeling tranquil and centered. trying to process it all.",English,positive,calm,0.65
friends tho matladinapudu సరుకులు కొని రాత్రి భోజనం పూర్తి చేశాను.,Telugu,neutral,neutral,0.0
raat ko sochte huye mujhe bhavishya ko lekar bohot chinta hai zaroor accha hoga,Hindi (Hinglish),negative,anxiety,-0.6
friendsine kandappol just casual note ezhuthukayanu njan orkkunnu,Malayalam (Manglish),neutral,neutral,0.0
"starting la Naan work complete panna try pannitu irundhen, but every time some new problem vandhuchu full energy poiduchu ippadiye poitu irukku",Tamil (Tanglish),negative,stress,-0.7
udayam nunchi coffee thaguthu balcony lo relax ayyanu ilaane saaguthundi,Telugu (Tenglish),positive,calm,0.6
office ke baad itne saare assignments ek sath aa gaye sir dard ho raha hai,Hindi (Hinglish),negative,stress,-0.6
friends kooda pesumpodhu Project delivery pressure thanga mudiyala semma tiredness romba mukkiyam,Tamil (Tanglish),negative,stress,-0.65
night thookame varama bayama irukku mind full ah running ippadiye poitu irukku,Tamil (Tanglish),negative,anxiety,-0.55
"joli kazhinju നല്ലൊരു പ്രതീക്ഷ മനസ്സിലുണ്ട്, കാര്യങ്ങൾ നന്നായി വരും.",Malayalam,positive,hopeful,0.55
subah se hi dimag bilkul kharab ho chuka hai itni tension me bohot zaroori hai,Hindi (Hinglish),negative,stress,-0.7
office aypoyaka panulu anni okesari vachi chala pressure ga anipinchindi,Telugu (Tenglish),negative,stress,-0.65
ravile muthal deadline eppol theerkkum ennu orthu valare vishamam ennalum enthu cheyyaan,Malayalam (Manglish),negative,stress,-0.55
such bolu toh aaj ka din bohot accha raha celebration hua par kya hi kar sakte hai,Hindi (Hinglish),positive,joy,0.8
"Truth be told, A fresh start and positive expectations for the coming days. moving forward regardless.",English,positive,hopeful,0.65
doston ke sath baat karke aaj phir se rona aa gaya sab kuch chhoot gaya,Hindi (Hinglish),negative,sadness,-0.85
starting lo evaritho matladali anna bhayam vestondi nervous ga undi kachithanga manchidi jaruguthundi,Telugu (Tenglish),negative,anxiety,-0.5
"At the end of the day, When i when the when when I when, my whens become whats and my whats become when. Fein",English,neutral,neutral,0.0
inniku enaku thonuchu assignment submission time la romba stress aagudhu ippadiye poitu irukku,Tamil (Tanglish),negative,stress,-0.6
subah se hi aaj bohot udas hu bohot zaroori hai,Hindi (Hinglish),negative,sadness,-0.8
friendsine kandappol interview orthu chankidikkunnu tension aavunnu theerchayayum nallathu sambhavikkum,Malayalam (Manglish),negative,anxiety,-0.5
unmaiya sollanum na இயற்கையின் மடியில் அமைதியான மற்றும் தெளிவான தருணம். aana enna panna,Tamil,positive,calm,0.65
മനസ്സിൽ വലിയ ആകുലതയും ഭയവും നിറഞ്ഞുനിൽക്കുന്നു.,Malayalam,negative,anxiety,-0.55
office mudichutu manasu amaidhiyaaga irukku oru tension um illa ennala mudiyala,Tamil (Tanglish),positive,calm,0.55
subah meditation kiya mind bilkul relaxed ho gaya bohot zaroori hai,Hindi (Hinglish),positive,calm,0.65
"At the end of the day, down horrendous nobody cares about me fml moving forward regardless.",English,negative,sadness,-0.85
overall aayi nokkiyaal deadline eppol theerkkum ennu orthu valare vishamam ennalum enthu cheyyaan,Malayalam (Manglish),negative,stress,-0.55
sathyam paranjaal manassil valare aashwasam thonnunnu silent day manassilund,Malayalam (Manglish),positive,calm,0.55
joli kazhinju enthanu ivide sambhavikkunnathu ennu oru manassilavilla ennalum enthu cheyyaan,Malayalam (Manglish),negative,anxiety,-0.5
starting lo evaritho matladali anna bhayam vestondi nervous ga undi chala important,Telugu (Tenglish),negative,anxiety,-0.5
